{"info": {"dataset": "openimages_mlperf", "version": "v6"}, "licenses": [], "categories": [{"id": 0, "name": "Airplane", "supercategory": null}, {"id": 1, "name": "Antelope", "supercategory": null}, {"id": 2, "name": "Apple", "supercategory": null}, {"id": 3, "name": "Backpack", "supercategory": null}, {"id": 4, "name": "Balloon", "supercategory": null}, {"id": 5, "name": "Banana", "supercategory": null}, {"id": 6, "name": "Barrel", "supercategory": null}, {"id": 7, "name": "Baseball bat", "supercategory": null}, {"id": 8, "name": "Baseball glove", "supercategory": null}, {"id": 9, "name": "Bee", "supercategory": null}, {"id": 10, "name": "Beer", "supercategory": null}, {"id": 11, "name": "Bench", "supercategory": null}, {"id": 12, "name": "Bicycle", "supercategory": null}, {"id": 13, "name": "Bicycle helmet", "supercategory": null}, {"id": 14, "name": "Bicycle wheel", "supercategory": null}, {"id": 15, "name": "Billboard", "supercategory": null}, {"id": 16, "name": "Book", "supercategory": null}, {"id": 17, "name": "Bookcase", "supercategory": null}, {"id": 18, "name": "Boot", "supercategory": null}, {"id": 19, "name": "Bottle", "supercategory": null}, {"id": 20, "name": "Bowl", "supercategory": null}, {"id": 21, "name": "Bowling equipment", "supercategory": null}, {"id": 22, "name": "Box", "supercategory": null}, {"id": 23, "name": "Boy", "supercategory": null}, {"id": 24, "name": "Brassiere", "supercategory": null}, {"id": 25, "name": "Bread", "supercategory": null}, {"id": 26, "name": "Broccoli", "supercategory": null}, {"id": 27, "name": "Bronze sculpture", "supercategory": null}, {"id": 28, "name": "Bull", "supercategory": null}, {"id": 29, "name": "Bus", "supercategory": null}, {"id": 30, "name": "Bust", "supercategory": null}, {"id": 31, "name": "Butterfly", "supercategory": null}, {"id": 32, "name": "Cabinetry", "supercategory": null}, {"id": 33, "name": "Cake", "supercategory": null}, {"id": 34, "name": "Camel", "supercategory": null}, {"id": 35, "name": "Camera", "supercategory": null}, {"id": 36, "name": "Candle", "supercategory": null}, {"id": 37, "name": "Candy", "supercategory": null}, {"id": 38, "name": "Cannon", "supercategory": null}, {"id": 39, "name": "Canoe", "supercategory": null}, {"id": 40, "name": "Carrot", "supercategory": null}, {"id": 41, "name": "Cart", "supercategory": null}, {"id": 42, "name": "Castle", "supercategory": null}, {"id": 43, "name": "Cat", "supercategory": null}, {"id": 44, "name": "Cattle", "supercategory": null}, {"id": 45, "name": "Cello", "supercategory": null}, {"id": 46, "name": "Chair", "supercategory": null}, {"id": 47, "name": "Cheese", "supercategory": null}, {"id": 48, "name": "Chest of drawers", "supercategory": null}, {"id": 49, "name": "Chicken", "supercategory": null}, {"id": 50, "name": "Christmas tree", "supercategory": null}, {"id": 51, "name": "Coat", "supercategory": null}, {"id": 52, "name": "Cocktail", "supercategory": null}, {"id": 53, "name": "Coffee", "supercategory": null}, {"id": 54, "name": "Coffee cup", "supercategory": null}, {"id": 55, "name": "Coffee table", "supercategory": null}, {"id": 56, "name": "Coin", "supercategory": null}, {"id": 57, "name": "Common sunflower", "supercategory": null}, {"id": 58, "name": "Computer keyboard", "supercategory": null}, {"id": 59, "name": "Computer monitor", "supercategory": null}, {"id": 60, "name": "Convenience store", "supercategory": null}, {"id": 61, "name": "Cookie", "supercategory": null}, {"id": 62, "name": "Countertop", "supercategory": null}, {"id": 63, "name": "Cowboy hat", "supercategory": null}, {"id": 64, "name": "Crab", "supercategory": null}, {"id": 65, "name": "Crocodile", "supercategory": null}, {"id": 66, "name": "Cucumber", "supercategory": null}, {"id": 67, "name": "Cupboard", "supercategory": null}, {"id": 68, "name": "Curtain", "supercategory": null}, {"id": 69, "name": "Deer", "supercategory": null}, {"id": 70, "name": "Desk", "supercategory": null}, {"id": 71, "name": "Dinosaur", "supercategory": null}, {"id": 72, "name": "Dog", "supercategory": null}, {"id": 73, "name": "Doll", "supercategory": null}, {"id": 74, "name": "Dolphin", "supercategory": null}, {"id": 75, "name": "Door", "supercategory": null}, {"id": 76, "name": "Dragonfly", "supercategory": null}, {"id": 77, "name": "Drawer", "supercategory": null}, {"id": 78, "name": "Dress", "supercategory": null}, {"id": 79, "name": "Drum", "supercategory": null}, {"id": 80, "name": "Duck", "supercategory": null}, {"id": 81, "name": "Eagle", "supercategory": null}, {"id": 82, "name": "Earrings", "supercategory": null}, {"id": 83, "name": "Egg (Food)", "supercategory": null}, {"id": 84, "name": "Elephant", "supercategory": null}, {"id": 85, "name": "Falcon", "supercategory": null}, {"id": 86, "name": "Fedora", "supercategory": null}, {"id": 87, "name": "Flag", "supercategory": null}, {"id": 88, "name": "Flowerpot", "supercategory": null}, {"id": 89, "name": "Football", "supercategory": null}, {"id": 90, "name": "Football helmet", "supercategory": null}, {"id": 91, "name": "Fork", "supercategory": null}, {"id": 92, "name": "Fountain", "supercategory": null}, {"id": 93, "name": "French fries", "supercategory": null}, {"id": 94, "name": "French horn", "supercategory": null}, {"id": 95, "name": "Frog", "supercategory": null}, {"id": 96, "name": "Giraffe", "supercategory": null}, {"id": 97, "name": "Girl", "supercategory": null}, {"id": 98, "name": "Glasses", "supercategory": null}, {"id": 99, "name": "Goat", "supercategory": null}, {"id": 100, "name": "Goggles", "supercategory": null}, {"id": 101, "name": "Goldfish", "supercategory": null}, {"id": 102, "name": "Gondola", "supercategory": null}, {"id": 103, "name": "Goose", "supercategory": null}, {"id": 104, "name": "Grape", "supercategory": null}, {"id": 105, "name": "Grapefruit", "supercategory": null}, {"id": 106, "name": "Guitar", "supercategory": null}, {"id": 107, "name": "Hamburger", "supercategory": null}, {"id": 108, "name": "Handbag", "supercategory": null}, {"id": 109, "name": "Harbor seal", "supercategory": null}, {"id": 110, "name": "Headphones", "supercategory": null}, {"id": 111, "name": "Helicopter", "supercategory": null}, {"id": 112, "name": "High heels", "supercategory": null}, {"id": 113, "name": "Hiking equipment", "supercategory": null}, {"id": 114, "name": "Horse", "supercategory": null}, {"id": 115, "name": "House", "supercategory": null}, {"id": 116, "name": "Houseplant", "supercategory": null}, {"id": 117, "name": "Human arm", "supercategory": null}, {"id": 118, "name": "Human beard", "supercategory": null}, {"id": 119, "name": "Human body", "supercategory": null}, {"id": 120, "name": "Human ear", "supercategory": null}, {"id": 121, "name": "Human eye", "supercategory": null}, {"id": 122, "name": "Human face", "supercategory": null}, {"id": 123, "name": "Human foot", "supercategory": null}, {"id": 124, "name": "Human hair", "supercategory": null}, {"id": 125, "name": "Human hand", "supercategory": null}, {"id": 126, "name": "Human head", "supercategory": null}, {"id": 127, "name": "Human leg", "supercategory": null}, {"id": 128, "name": "Human mouth", "supercategory": null}, {"id": 129, "name": "Human nose", "supercategory": null}, {"id": 130, "name": "Ice cream", "supercategory": null}, {"id": 131, "name": "Jacket", "supercategory": null}, {"id": 132, "name": "Jeans", "supercategory": null}, {"id": 133, "name": "Jellyfish", "supercategory": null}, {"id": 134, "name": "Juice", "supercategory": null}, {"id": 135, "name": "Kitchen & dining room table", "supercategory": null}, {"id": 136, "name": "Kite", "supercategory": null}, {"id": 137, "name": "Lamp", "supercategory": null}, {"id": 138, "name": "Lantern", "supercategory": null}, {"id": 139, "name": "Laptop", "supercategory": null}, {"id": 140, "name": "Lavender (Plant)", "supercategory": null}, {"id": 141, "name": "Lemon", "supercategory": null}, {"id": 142, "name": "Light bulb", "supercategory": null}, {"id": 143, "name": "Lighthouse", "supercategory": null}, {"id": 144, "name": "Lily", "supercategory": null}, {"id": 145, "name": "Lion", "supercategory": null}, {"id": 146, "name": "Lipstick", "supercategory": null}, {"id": 147, "name": "Lizard", "supercategory": null}, {"id": 148, "name": "Man", "supercategory": null}, {"id": 149, "name": "Maple", "supercategory": null}, {"id": 150, "name": "Microphone", "supercategory": null}, {"id": 151, "name": "Mirror", "supercategory": null}, {"id": 152, "name": "Mixing bowl", "supercategory": null}, {"id": 153, "name": "Mobile phone", "supercategory": null}, {"id": 154, "name": "Monkey", "supercategory": null}, {"id": 155, "name": "Motorcycle", "supercategory": null}, {"id": 156, "name": "Muffin", "supercategory": null}, {"id": 157, "name": "Mug", "supercategory": null}, {"id": 158, "name": "Mule", "supercategory": null}, {"id": 159, "name": "Mushroom", "supercategory": null}, {"id": 160, "name": "Musical keyboard", "supercategory": null}, {"id": 161, "name": "Necklace", "supercategory": null}, {"id": 162, "name": "Nightstand", "supercategory": null}, {"id": 163, "name": "Office building", "supercategory": null}, {"id": 164, "name": "Orange", "supercategory": null}, {"id": 165, "name": "Owl", "supercategory": null}, {"id": 166, "name": "Oyster", "supercategory": null}, {"id": 167, "name": "Paddle", "supercategory": null}, {"id": 168, "name": "Palm tree", "supercategory": null}, {"id": 169, "name": "Parachute", "supercategory": null}, {"id": 170, "name": "Parrot", "supercategory": null}, {"id": 171, "name": "Pen", "supercategory": null}, {"id": 172, "name": "Penguin", "supercategory": null}, {"id": 173, "name": "Personal flotation device", "supercategory": null}, {"id": 174, "name": "Piano", "supercategory": null}, {"id": 175, "name": "Picture frame", "supercategory": null}, {"id": 176, "name": "Pig", "supercategory": null}, {"id": 177, "name": "Pillow", "supercategory": null}, {"id": 178, "name": "Pizza", "supercategory": null}, {"id": 179, "name": "Plate", "supercategory": null}, {"id": 180, "name": "Platter", "supercategory": null}, {"id": 181, "name": "Porch", "supercategory": null}, {"id": 182, "name": "Poster", "supercategory": null}, {"id": 183, "name": "Pumpkin", "supercategory": null}, {"id": 184, "name": "Rabbit", "supercategory": null}, {"id": 185, "name": "Rifle", "supercategory": null}, {"id": 186, "name": "Roller skates", "supercategory": null}, {"id": 187, "name": "Rose", "supercategory": null}, {"id": 188, "name": "Salad", "supercategory": null}, {"id": 189, "name": "Sandal", "supercategory": null}, {"id": 190, "name": "Saucer", "supercategory": null}, {"id": 191, "name": "Saxophone", "supercategory": null}, {"id": 192, "name": "Scarf", "supercategory": null}, {"id": 193, "name": "Sea lion", "supercategory": null}, {"id": 194, "name": "Sea turtle", "supercategory": null}, {"id": 195, "name": "Sheep", "supercategory": null}, {"id": 196, "name": "Shelf", "supercategory": null}, {"id": 197, "name": "Shirt", "supercategory": null}, {"id": 198, "name": "Shorts", "supercategory": null}, {"id": 199, "name": "Shrimp", "supercategory": null}, {"id": 200, "name": "Sink", "supercategory": null}, {"id": 201, "name": "Skateboard", "supercategory": null}, {"id": 202, "name": "Ski", "supercategory": null}, {"id": 203, "name": "Skull", "supercategory": null}, {"id": 204, "name": "Skyscraper", "supercategory": null}, {"id": 205, "name": "Snake", "supercategory": null}, {"id": 206, "name": "Sock", "supercategory": null}, {"id": 207, "name": "Sofa bed", "supercategory": null}, {"id": 208, "name": "Sparrow", "supercategory": null}, {"id": 209, "name": "Spider", "supercategory": null}, {"id": 210, "name": "Spoon", "supercategory": null}, {"id": 211, "name": "Sports uniform", "supercategory": null}, {"id": 212, "name": "Squirrel", "supercategory": null}, {"id": 213, "name": "Stairs", "supercategory": null}, {"id": 214, "name": "Stool", "supercategory": null}, {"id": 215, "name": "Strawberry", "supercategory": null}, {"id": 216, "name": "Street light", "supercategory": null}, {"id": 217, "name": "Studio couch", "supercategory": null}, {"id": 218, "name": "Suit", "supercategory": null}, {"id": 219, "name": "Sun hat", "supercategory": null}, {"id": 220, "name": "Sunglasses", "supercategory": null}, {"id": 221, "name": "Surfboard", "supercategory": null}, {"id": 222, "name": "Sushi", "supercategory": null}, {"id": 223, "name": "Swan", "supercategory": null}, {"id": 224, "name": "Swimming pool", "supercategory": null}, {"id": 225, "name": "Swimwear", "supercategory": null}, {"id": 226, "name": "Tank", "supercategory": null}, {"id": 227, "name": "Tap", "supercategory": null}, {"id": 228, "name": "Taxi", "supercategory": null}, {"id": 229, "name": "Tea", "supercategory": null}, {"id": 230, "name": "Teddy bear", "supercategory": null}, {"id": 231, "name": "Television", "supercategory": null}, {"id": 232, "name": "Tent", "supercategory": null}, {"id": 233, "name": "Tie", "supercategory": null}, {"id": 234, "name": "Tiger", "supercategory": null}, {"id": 235, "name": "Tin can", "supercategory": null}, {"id": 236, "name": "Tire", "supercategory": null}, {"id": 237, "name": "Toilet", "supercategory": null}, {"id": 238, "name": "Tomato", "supercategory": null}, {"id": 239, "name": "Tortoise", "supercategory": null}, {"id": 240, "name": "Tower", "supercategory": null}, {"id": 241, "name": "Traffic light", "supercategory": null}, {"id": 242, "name": "Train", "supercategory": null}, {"id": 243, "name": "Tripod", "supercategory": null}, {"id": 244, "name": "Truck", "supercategory": null}, {"id": 245, "name": "Trumpet", "supercategory": null}, {"id": 246, "name": "Umbrella", "supercategory": null}, {"id": 247, "name": "Van", "supercategory": null}, {"id": 248, "name": "Vase", "supercategory": null}, {"id": 249, "name": "Vehicle registration plate", "supercategory": null}, {"id": 250, "name": "Violin", "supercategory": null}, {"id": 251, "name": "Wall clock", "supercategory": null}, {"id": 252, "name": "Waste container", "supercategory": null}, {"id": 253, "name": "Watch", "supercategory": null}, {"id": 254, "name": "Whale", "supercategory": null}, {"id": 255, "name": "Wheel", "supercategory": null}, {"id": 256, "name": "Wheelchair", "supercategory": null}, {"id": 257, "name": "Whiteboard", "supercategory": null}, {"id": 258, "name": "Window", "supercategory": null}, {"id": 259, "name": "Wine", "supercategory": null}, {"id": 260, "name": "Wine glass", "supercategory": null}, {"id": 261, "name": "Woman", "supercategory": null}, {"id": 262, "name": "Zebra", "supercategory": null}, {"id": 263, "name": "Zucchini", "supercategory": null}], "images": [{"id": 1, "file_name": "062c5612e4987d32.jpg", "height": 1024, "width": 768, "license": null, "coco_url": null}, {"id": 2, "file_name": "07f240fea1a3fc77.jpg", "height": 684, "width": 1024, "license": null, "coco_url": null}, {"id": 3, "file_name": "08682945bc30aaf5.jpg", "height": 768, "width": 1024, "license": null, "coco_url": null}, {"id": 4, "file_name": "104057d722f87434.jpg", "height": 768, "width": 1024, "license": null, "coco_url": null}, {"id": 5, "file_name": "1172ad179f7d27c6.jpg", "height": 1024, "width": 575, "license": null, "coco_url": null}, {"id": 6, "file_name": "1ab096925c0c44f6.jpg", "height": 683, "width": 1024, "license": null, "coco_url": null}, {"id": 7, "file_name": "1f7c714c88527e6b.jpg", "height": 683, "width": 1024, "license": null, "coco_url": null}, {"id": 8, "file_name": "253fbd73845dcc33.jpg", "height": 766, "width": 1024, "license": null, "coco_url": null}, {"id": 9, "file_name": "290e0c79566de6bc.jpg", "height": 684, "width": 1024, "license": null, "coco_url": null}, {"id": 10, "file_name": "2985dbe51d3553ff.jpg", "height": 1024, "width": 1024, "license": null, "coco_url": null}, {"id": 11, "file_name": "2be6ab51b1f3621b.jpg", "height": 1024, "width": 768, "license": null, "coco_url": null}, {"id": 12, "file_name": "2d8a7a8aceb761e4.jpg", "height": 1024, "width": 1024, "license": null, "coco_url": null}, {"id": 13, "file_name": "32f199536dc60b5a.jpg", "height": 768, "width": 1024, "license": null, "coco_url": null}, {"id": 14, "file_name": "413efa730729c8f7.jpg", "height": 1024, "width": 760, "license": null, "coco_url": null}, {"id": 15, "file_name": "4be239a8eba50edc.jpg", "height": 848, "width": 1024, "license": null, "coco_url": null}, {"id": 16, "file_name": "50e978e23c0308bf.jpg", "height": 768, "width": 1024, "license": null, "coco_url": null}, {"id": 17, "file_name": "5748e8f05220519f.jpg", "height": 767, "width": 1024, "license": null, "coco_url": null}, {"id": 18, "file_name": "59f6dfcc4a5abd51.jpg", "height": 768, "width": 924, "license": null, "coco_url": null}, {"id": 19, "file_name": "666609999aeefe87.jpg", "height": 683, "width": 1024, "license": null, "coco_url": null}, {"id": 20, "file_name": "6ce7d80ee7e1b38e.jpg", "height": 510, "width": 1024, "license": null, "coco_url": null}, {"id": 21, "file_name": "6e65246a225f255d.jpg", "height": 576, "width": 1024, "license": null, "coco_url": null}, {"id": 22, "file_name": "6f804b0c1e0d471c.jpg", "height": 768, "width": 1024, "license": null, "coco_url": null}, {"id": 23, "file_name": "741610bfefba1f5f.jpg", "height": 680, "width": 1024, "license": null, "coco_url": null}, {"id": 24, "file_name": "7479ea3e47f159da.jpg", "height": 765, "width": 1024, "license": null, "coco_url": null}, {"id": 25, "file_name": "76c8a236becb0fb2.jpg", "height": 768, "width": 1024, "license": null, "coco_url": null}, {"id": 26, "file_name": "7772b99700e64661.jpg", "height": 768, "width": 1024, "license": null, "coco_url": null}, {"id": 27, "file_name": "7b4e72eb8be61b6c.jpg", "height": 365, "width": 1024, "license": null, "coco_url": null}, {"id": 28, "file_name": "7db152f80faeb804.jpg", "height": 765, "width": 1024, "license": null, "coco_url": null}, {"id": 29, "file_name": "823a5271f8aec09b.jpg", "height": 685, "width": 1024, "license": null, "coco_url": null}, {"id": 30, "file_name": "875e00e5a095b197.jpg", "height": 768, "width": 1024, "license": null, "coco_url": null}, {"id": 31, "file_name": "8bc5348e5d8d6448.jpg", "height": 768, "width": 1024, "license": null, "coco_url": null}, {"id": 32, "file_name": "8da5c49dae1d5ae6.jpg", "height": 1024, "width": 1024, "license": null, "coco_url": null}, {"id": 33, "file_name": "9536a1064477cc1a.jpg", "height": 1024, "width": 768, "license": null, "coco_url": null}, {"id": 34, "file_name": "97379f8609127c14.jpg", "height": 683, "width": 1024, "license": null, "coco_url": null}, {"id": 35, "file_name": "9864b21f8c09959f.jpg", "height": 526, "width": 1024, "license": null, "coco_url": null}, {"id": 36, "file_name": "9c13c4705ae6fcba.jpg", "height": 1024, "width": 1024, "license": null, "coco_url": null}, {"id": 37, "file_name": "ade90bb611fe280b.jpg", "height": 765, "width": 1024, "license": null, "coco_url": null}, {"id": 38, "file_name": "b9ebbf5888d89e6e.jpg", "height": 683, "width": 1024, "license": null, "coco_url": null}, {"id": 39, "file_name": "bd55ece1044ab937.jpg", "height": 683, "width": 1024, "license": null, "coco_url": null}, {"id": 40, "file_name": "c47d2dedc6dc0c70.jpg", "height": 743, "width": 1024, "license": null, "coco_url": null}, {"id": 41, "file_name": "cd4e964d17223b05.jpg", "height": 1024, "width": 768, "license": null, "coco_url": null}, {"id": 42, "file_name": "d38e1365450ab89e.jpg", "height": 1536, "width": 2048, "license": null, "coco_url": null}, {"id": 43, "file_name": "defb4911c2df3880.jpg", "height": 768, "width": 1024, "license": null, "coco_url": null}, {"id": 44, "file_name": "e6bfb63f83cb749d.jpg", "height": 768, "width": 1024, "license": null, "coco_url": null}, {"id": 45, "file_name": "e8a43161137c3a0c.jpg", "height": 1024, "width": 1024, "license": null, "coco_url": null}, {"id": 46, "file_name": "ec34459569105010.jpg", "height": 683, "width": 1024, "license": null, "coco_url": null}, {"id": 47, "file_name": "f7c131bd5100f797.jpg", "height": 768, "width": 1024, "license": null, "coco_url": null}, {"id": 48, "file_name": "fedae1e949f6f365.jpg", "height": 768, "width": 1024, "license": null, "coco_url": null}, {"id": 49, "file_name": "ffeba8a4d2029eac.jpg", "height": 1024, "width": 1024, "license": null, "coco_url": null}], "annotations": [{"id": 1, "image_id": 1, "category_id": 140, "bbox": [0.0, 0.0, 768.0, 1024.0], "area": 786432.0, "iscrowd": 1, "IsOccluded": 0, "IsInside": 0, "IsDepiction": 0, "IsTruncated": 0, "IsGroupOf": 1}, {"id": 2, "image_id": 2, "category_id": 236, "bbox": [774.79645184, 411.61061159999997, 105.72271616, 231.5309904], "area": 24478.085180302885, "iscrowd": 0, "IsOccluded": 1, "IsInside": 0, "IsDepiction": 0, "IsTruncated": 0, "IsGroupOf": 0}, {"id": 3, "image_id": 2, "category_id": 255, "bbox": [779.32745728, 411.61061159999997, 101.19171072000006, 225.47786399999998], "area": 22816.490787651514, "iscrowd": 0, "IsOccluded": 0, "IsInside": 0, "IsDepiction": 0, "IsTruncated": 0, "IsGroupOf": 0}, {"id": 4, "image_id": 3, "category_id": 258, "bbox": [78.4, 294.39999744, 36.8, 152.00000256], "area": 5593.600094208, "iscrowd": 0, "IsOccluded": 0, "IsInside": 0, "IsDepiction": 0, "IsTruncated": 0, "IsGroupOf": 0}, {"id": 5, "image_id": 3, "category_id": 258, "bbox": [859.2, 302.4, 41.59999999999991, 153.60000000000002], "area": 6389.759999999987, "iscrowd": 0, "IsOccluded": 1, "IsInside": 0, "IsDepiction": 0, "IsTruncated": 0, "IsGroupOf": 0}, {"id": 17, "image_id": 4, "category_id": 255, "bbox": [264.0, 499.20000000000005, 92.80000000000001, 171.19997952], "area": 15887.358099456002, "iscrowd": 0, "IsOccluded": 1, "IsInside": 0, "IsDepiction": 0, "IsTruncated": 0, "IsGroupOf": 0}, {"id": 16, "image_id": 4, "category_id": 255, "bbox": [264.0, 499.20000000000005, 92.80000000000001, 171.19997952], "area": 15887.358099456002, "iscrowd": 0, "IsOccluded": 1, "IsInside": 0, "IsDepiction": 0, "IsTruncated": 0, "IsGroupOf": 0}, {"id": 14, "image_id": 4, "category_id": 255, "bbox": [204.8, 452.80000512000004, 40.0, 75.19999487999999], "area": 3007.9997951999994, "iscrowd": 0, "IsOccluded": 1, "IsInside": 0, "IsDepiction": 0, "IsTruncated": 0, "IsGroupOf": 0}, {"id": 13, "image_id": 4, "category_id": 236, "bbox": [620.8, 574.39997952, 59.200000000000045, 28.800015359999975], "area": 1704.9609093119998, "iscrowd": 0, "IsOccluded": 1, "IsInside": 0, "IsDepiction": 0, "IsTruncated": 0, "IsGroupOf": 0}, {"id": 12, "image_id": 4, "category_id": 236, "bbox": [620.8, 574.39997952, 59.200000000000045, 28.800015359999975], "area": 1704.9609093119998, "iscrowd": 0, "IsOccluded": 1, "IsInside": 0, "IsDepiction": 0, "IsTruncated": 0, "IsGroupOf": 0}, {"id": 15, "image_id": 4, "category_id": 255, "bbox": [204.8, 452.80000512000004, 40.0, 75.19999487999999], "area": 3007.9997951999994, "iscrowd": 0, "IsOccluded": 1, "IsInside": 0, "IsDepiction": 0, "IsTruncated": 0, "IsGroupOf": 0}, {"id": 10, "image_id": 4, "category_id": 236, "bbox": [267.2, 500.80000512000004, 100.80000000000001, 163.19996928000003], "area": 16450.556903424003, "iscrowd": 0, "IsOccluded": 1, "IsInside": 0, "IsDepiction": 0, "IsTruncated": 0, "IsGroupOf": 0}, {"id": 9, "image_id": 4, "category_id": 236, "bbox": [206.4, 446.40000000000003, 38.400000000000006, 75.20002559999998], "area": 2887.6809830399993, "iscrowd": 0, "IsOccluded": 1, "IsInside": 0, "IsDepiction": 0, "IsTruncated": 0, "IsGroupOf": 0}, {"id": 8, "image_id": 4, "category_id": 236, "bbox": [206.4, 446.40000000000003, 38.400000000000006, 75.20002559999998], "area": 2887.6809830399993, "iscrowd": 0, "IsOccluded": 1, "IsInside": 0, "IsDepiction": 0, "IsTruncated": 0, "IsGroupOf": 0}, {"id": 11, "image_id": 4, "category_id": 236, "bbox": [267.2, 500.80000512000004, 100.80000000000001, 163.19996928000003], "area": 16450.556903424003, "iscrowd": 0, "IsOccluded": 1, "IsInside": 0, "IsDepiction": 0, "IsTruncated": 0, "IsGroupOf": 0}, {"id": 7, "image_id": 4, "category_id": 247, "bbox": [188.8, 24.0, 568.0, 641.6000256], "area": 364428.8145408, "iscrowd": 0, "IsOccluded": 0, "IsInside": 0, "IsDepiction": 0, "IsTruncated": 0, "IsGroupOf": 0}, {"id": 6, "image_id": 4, "category_id": 247, "bbox": [188.8, 24.0, 568.0, 641.6000256], "area": 364428.8145408, "iscrowd": 0, "IsOccluded": 0, "IsInside": 0, "IsDepiction": 0, "IsTruncated": 0, "IsGroupOf": 0}, {"id": 20, "image_id": 5, "category_id": 54, "bbox": [0.0, 167.66441472, 96.98794674999999, 178.74964480000003], "area": 17336.561031443816, "iscrowd": 0, "IsOccluded": 0, "IsInside": 0, "IsDepiction": 0, "IsTruncated": 1, "IsGroupOf": 0}, {"id": 21, "image_id": 5, "category_id": 229, "bbox": [0.0, 225.86196992, 94.2168665, 99.76726527999998], "area": 9399.759113955843, "iscrowd": 0, "IsOccluded": 0, "IsInside": 0, "IsDepiction": 0, "IsTruncated": 1, "IsGroupOf": 0}, {"id": 18, "image_id": 5, "category_id": 53, "bbox": [0.0, 188.44924928, 92.83132350000001, 137.17998591999998], "area": 12734.599650664964, "iscrowd": 0, "IsOccluded": 0, "IsInside": 0, "IsDepiction": 0, "IsTruncated": 1, "IsGroupOf": 0}, {"id": 19, "image_id": 5, "category_id": 210, "bbox": [91.4457805, 642.944512, 145.4819345, 303.45874431999994], "area": 44147.76516461447, "iscrowd": 0, "IsOccluded": 0, "IsInside": 0, "IsDepiction": 0, "IsTruncated": 0, "IsGroupOf": 0}, {"id": 22, "image_id": 6, "category_id": 72, "bbox": [0.0, 6.0442477725, 1001.3451264, 676.9557522274999], "area": 677866.343281453, "iscrowd": 0, "IsOccluded": 0, "IsInside": 0, "IsDepiction": 0, "IsTruncated": 1, "IsGroupOf": 0}, {"id": 32, "image_id": 7, "category_id": 125, "bbox": [439.50442496, 169.23893762999998, 134.41885184000006, 131.46238521], "area": 17671.022880076005, "iscrowd": 0, "IsOccluded": 0, "IsInside": 0, "IsDepiction": 0, "IsTruncated": 0, "IsGroupOf": 0}, {"id": 38, "image_id": 7, "category_id": 261, "bbox": [285.45132544, 31.732301573999997, 395.70504703999995, 651.267698426], "area": 257709.91524129285, "iscrowd": 0, "IsOccluded": 0, "IsInside": 0, "IsDepiction": 0, "IsTruncated": 0, "IsGroupOf": 0}, {"id": 37, "image_id": 7, "category_id": 117, "bbox": [611.6813824, 211.54867716, 208.42481664000002, 297.67921859], "area": 62043.73655215924, "iscrowd": 0, "IsOccluded": 1, "IsInside": 0, "IsDepiction": 0, "IsTruncated": 0, "IsGroupOf": 0}, {"id": 36, "image_id": 7, "category_id": 117, "bbox": [599.5987968, 222.12610692, 81.55757568000001, 459.36282388], "area": 37464.51827317162, "iscrowd": 0, "IsOccluded": 1, "IsInside": 0, "IsDepiction": 0, "IsTruncated": 0, "IsGroupOf": 0}, {"id": 35, "image_id": 7, "category_id": 117, "bbox": [280.92035072, 167.72787526000002, 286.96168448000003, 131.46239203999997], "area": 37724.669465568535, "iscrowd": 0, "IsOccluded": 1, "IsInside": 0, "IsDepiction": 0, "IsTruncated": 0, "IsGroupOf": 0}, {"id": 34, "image_id": 7, "category_id": 117, "bbox": [199.36283648, 267.45796436, 114.78465535999999, 333.94467449], "area": 38331.724370642034, "iscrowd": 0, "IsOccluded": 1, "IsInside": 0, "IsDepiction": 0, "IsTruncated": 0, "IsGroupOf": 0}, {"id": 33, "image_id": 7, "category_id": 125, "bbox": [586.0059136, 211.54867716, 80.04720640000005, 52.887162459999985], "area": 4233.469609345953, "iscrowd": 0, "IsOccluded": 0, "IsInside": 0, "IsDepiction": 0, "IsTruncated": 0, "IsGroupOf": 0}, {"id": 31, "image_id": 7, "category_id": 125, "bbox": [273.36873984, 551.5375943, 30.20648448000003, 49.86504455000001], "area": 1506.2476942940852, "iscrowd": 0, "IsOccluded": 1, "IsInside": 0, "IsDepiction": 0, "IsTruncated": 0, "IsGroupOf": 0}, {"id": 39, "image_id": 7, "category_id": 148, "bbox": [202.38348288, 13.599557915, 617.72271616, 667.889372885], "area": 412570.4375129212, "iscrowd": 0, "IsOccluded": 1, "IsInside": 0, "IsDepiction": 0, "IsTruncated": 1, "IsGroupOf": 0}, {"id": 29, "image_id": 7, "category_id": 119, "bbox": [205.40412928, 18.132742976, 607.15041792, 663.356187824], "area": 402756.9866671596, "iscrowd": 0, "IsOccluded": 1, "IsInside": 0, "IsDepiction": 0, "IsTruncated": 1, "IsGroupOf": 0}, {"id": 28, "image_id": 7, "category_id": 97, "bbox": [285.45132544, 31.732301573999997, 395.70504703999995, 651.267698426], "area": 257709.91524129285, "iscrowd": 0, "IsOccluded": 1, "IsInside": 0, "IsDepiction": 0, "IsTruncated": 1, "IsGroupOf": 0}, {"id": 27, "image_id": 7, "category_id": 35, "bbox": [477.2625408, 545.49335848, 104.21237759999997, 74.04203564], "area": 7716.096576388335, "iscrowd": 0, "IsOccluded": 0, "IsInside": 0, "IsDepiction": 0, "IsTruncated": 0, "IsGroupOf": 0}, {"id": 26, "image_id": 7, "category_id": 197, "bbox": [203.89380096, 208.52655242, 614.70209024, 474.47344758], "area": 291659.81999080506, "iscrowd": 0, "IsOccluded": 0, "IsInside": 0, "IsDepiction": 0, "IsTruncated": 0, "IsGroupOf": 0}, {"id": 25, "image_id": 7, "category_id": 124, "bbox": [457.62832384, 21.154867033, 172.17697792, 193.415934867], "area": 33301.77114697162, "iscrowd": 0, "IsOccluded": 0, "IsInside": 0, "IsDepiction": 0, "IsTruncated": 0, "IsGroupOf": 0}, {"id": 24, "image_id": 7, "category_id": 124, "bbox": [383.62241024, 39.287612058, 104.21239807999996, 148.08406718199998], "area": 15432.19575847604, "iscrowd": 0, "IsOccluded": 1, "IsInside": 0, "IsDepiction": 0, "IsTruncated": 0, "IsGroupOf": 0}, {"id": 23, "image_id": 7, "category_id": 78, "bbox": [202.38348288, 199.4601782, 620.74335232, 482.0287526], "area": 299216.1438035519, "iscrowd": 0, "IsOccluded": 1, "IsInside": 0, "IsDepiction": 0, "IsTruncated": 1, "IsGroupOf": 0}, {"id": 30, "image_id": 7, "category_id": 119, "bbox": [277.89971456, 16.621681972, 293.00291584, 281.05751612800003], "area": 82350.67174425184, "iscrowd": 0, "IsOccluded": 1, "IsInside": 0, "IsDepiction": 0, "IsTruncated": 0, "IsGroupOf": 0}, {"id": 41, "image_id": 8, "category_id": 85, "bbox": [0.0, 0.0, 948.8, 762.80167424], "area": 723746.228518912, "iscrowd": 0, "IsOccluded": 0, "IsInside": 0, "IsDepiction": 0, "IsTruncated": 1, "IsGroupOf": 0}, {"id": 40, "image_id": 8, "category_id": 170, "bbox": [0.0, 0.0, 947.2, 766.0], "area": 725555.2000000001, "iscrowd": 0, "IsOccluded": 0, "IsInside": 0, "IsDepiction": 0, "IsTruncated": 1, "IsGroupOf": 0}, {"id": 95, "image_id": 9, "category_id": 121, "bbox": [427.42181888, 260.28319032, 10.572288000000015, 9.079634880000004], "area": 95.99251488620561, "iscrowd": 0, "IsOccluded": 0, "IsInside": 0, "IsDepiction": 0, "IsTruncated": 0, "IsGroupOf": 0}, {"id": 96, "image_id": 9, "category_id": 121, "bbox": [444.03539968, 214.8849612, 7.551610879999998, 6.053085360000031], "area": 45.71054526214494, "iscrowd": 0, "IsOccluded": 0, "IsInside": 0, "IsDepiction": 0, "IsTruncated": 0, "IsGroupOf": 0}, {"id": 94, "image_id": 9, "category_id": 121, "bbox": [409.29794048, 261.79645824, 7.551610879999998, 6.053099040000023], "area": 45.710648568181725, "iscrowd": 0, "IsOccluded": 0, "IsInside": 0, "IsDepiction": 0, "IsTruncated": 0, "IsGroupOf": 0}, {"id": 93, "image_id": 9, "category_id": 121, "bbox": [377.58111744, 245.15044272, 9.061949439999978, 6.053099040000023], "area": 54.852877455792616, "iscrowd": 0, "IsOccluded": 0, "IsInside": 0, "IsDepiction": 0, "IsTruncated": 0, "IsGroupOf": 0}, {"id": 92, "image_id": 9, "category_id": 121, "bbox": [365.49853184, 207.31858056, 7.551610879999998, 4.539831120000014], "area": 34.283038079154686, "iscrowd": 0, "IsOccluded": 0, "IsInside": 0, "IsDepiction": 0, "IsTruncated": 0, "IsGroupOf": 0}, {"id": 91, "image_id": 9, "category_id": 121, "bbox": [351.90560768, 205.80531263999998, 7.551610879999998, 4.5398174400000215], "area": 34.2829347731179, "iscrowd": 0, "IsOccluded": 0, "IsInside": 0, "IsDepiction": 0, "IsTruncated": 0, "IsGroupOf": 0}, {"id": 90, "image_id": 9, "category_id": 121, "bbox": [276.389376, 220.93804656, 7.551631359999988, 6.053099039999985], "area": 45.71077253564971, "iscrowd": 0, "IsOccluded": 0, "IsInside": 0, "IsDepiction": 0, "IsTruncated": 0, "IsGroupOf": 0}, {"id": 86, "image_id": 9, "category_id": 119, "bbox": [0.0, 0.0, 1024.0, 684.0], "area": 700416.0, "iscrowd": 1, "IsOccluded": 0, "IsInside": 0, "IsDepiction": 0, "IsTruncated": 0, "IsGroupOf": 1}, {"id": 88, "image_id": 9, "category_id": 121, "bbox": [229.56932096, 372.2654952, 7.551621119999993, 7.566339600000047], "area": 57.138129924452656, "iscrowd": 0, "IsOccluded": 1, "IsInside": 0, "IsDepiction": 0, "IsTruncated": 0, "IsGroupOf": 0}, {"id": 87, "image_id": 9, "category_id": 126, "bbox": [0.0, 22.69911456, 1024.0, 661.30088544], "area": 677172.10669056, "iscrowd": 1, "IsOccluded": 0, "IsInside": 0, "IsDepiction": 0, "IsTruncated": 0, "IsGroupOf": 1}, {"id": 97, "image_id": 9, "category_id": 121, "bbox": [586.0059136, 272.38937472, 12.082585600000016, 7.566380640000025], "area": 91.4214417649832, "iscrowd": 0, "IsOccluded": 0, "IsInside": 0, "IsDepiction": 0, "IsTruncated": 0, "IsGroupOf": 0}, {"id": 85, "image_id": 9, "category_id": 129, "bbox": [1013.427712, 93.82300776, 10.572287999999958, 9.079648559999997], "area": 95.99265951510486, "iscrowd": 0, "IsOccluded": 0, "IsInside": 0, "IsDepiction": 0, "IsTruncated": 0, "IsGroupOf": 0}, {"id": 84, "image_id": 9, "category_id": 129, "bbox": [983.221248, 95.33628252, 9.061959680000086, 9.079648559999997], "area": 82.27940915929082, "iscrowd": 0, "IsOccluded": 0, "IsInside": 0, "IsDepiction": 0, "IsTruncated": 0, "IsGroupOf": 0}, {"id": 83, "image_id": 9, "category_id": 129, "bbox": [965.0973696, 284.4955728, 9.061928960000046, 12.10619808000001], "area": 109.70550697664903, "iscrowd": 0, "IsOccluded": 0, "IsInside": 0, "IsDepiction": 0, "IsTruncated": 0, "IsGroupOf": 0}, {"id": 82, "image_id": 9, "category_id": 129, "bbox": [957.54571776, 124.08849612, 7.551651839999977, 13.619466], "area": 102.84946547871712, "iscrowd": 0, "IsOccluded": 0, "IsInside": 0, "IsDepiction": 0, "IsTruncated": 0, "IsGroupOf": 0}, {"id": 89, "image_id": 9, "category_id": 121, "bbox": [255.24484096, 217.91151072, 9.061949440000006, 6.053085359999993], "area": 54.85275348832417, "iscrowd": 0, "IsOccluded": 0, "IsInside": 0, "IsDepiction": 0, "IsTruncated": 0, "IsGroupOf": 0}, {"id": 98, "image_id": 9, "category_id": 121, "bbox": [637.3569536, 219.42477864, 7.551590400000009, 6.053099039999985], "area": 45.71052460071316, "iscrowd": 0, "IsOccluded": 0, "IsInside": 0, "IsDepiction": 0, "IsTruncated": 0, "IsGroupOf": 0}, {"id": 103, "image_id": 9, "category_id": 128, "bbox": [0.0, 65.070798264, 1024.0, 458.522104536], "area": 469526.635044864, "iscrowd": 1, "IsOccluded": 0, "IsInside": 0, "IsDepiction": 0, "IsTruncated": 0, "IsGroupOf": 1}, {"id": 100, "image_id": 9, "category_id": 121, "bbox": [792.9203712, 363.18582612, 12.082585600000016, 10.592916480000044], "area": 127.98982012325139, "iscrowd": 0, "IsOccluded": 1, "IsInside": 0, "IsDepiction": 0, "IsTruncated": 0, "IsGroupOf": 0}, {"id": 81, "image_id": 9, "category_id": 129, "bbox": [949.9940864, 293.57522136, 6.041292799999951, 10.592916480000007], "area": 63.994910061624864, "iscrowd": 0, "IsOccluded": 0, "IsInside": 0, "IsDepiction": 0, "IsTruncated": 0, "IsGroupOf": 0}, {"id": 115, "image_id": 9, "category_id": 148, "bbox": [0.0, 22.69911456, 1024.0, 661.30088544], "area": 677172.10669056, "iscrowd": 1, "IsOccluded": 0, "IsInside": 0, "IsDepiction": 0, "IsTruncated": 0, "IsGroupOf": 1}, {"id": 114, "image_id": 9, "category_id": 117, "bbox": [850.312704, 204.29203103999998, 122.33625599999993, 307.19468736], "area": 37581.0479147129, "iscrowd": 0, "IsOccluded": 1, "IsInside": 0, "IsDepiction": 0, "IsTruncated": 0, "IsGroupOf": 0}, {"id": 113, "image_id": 9, "category_id": 117, "bbox": [720.4248064, 49.9380534, 34.73740800000007, 152.84070972], "area": 5309.290092553218, "iscrowd": 0, "IsOccluded": 1, "IsInside": 0, "IsDepiction": 0, "IsTruncated": 0, "IsGroupOf": 0}, {"id": 112, "image_id": 9, "category_id": 117, "bbox": [675.11504896, 307.19468736, 64.94398464000005, 302.65485624], "area": 19655.612334871985, "iscrowd": 0, "IsOccluded": 1, "IsInside": 0, "IsDepiction": 0, "IsTruncated": 0, "IsGroupOf": 0}, {"id": 111, "image_id": 9, "category_id": 117, "bbox": [647.92920064, 46.91150388, 78.53684736000002, 146.78761068000003], "area": 11528.236174314272, "iscrowd": 0, "IsOccluded": 1, "IsInside": 0, "IsDepiction": 0, "IsTruncated": 0, "IsGroupOf": 0}, {"id": 110, "image_id": 9, "category_id": 117, "bbox": [472.73156608, 422.20354176, 155.56339712, 261.79645824], "area": 40725.946397798616, "iscrowd": 0, "IsOccluded": 1, "IsInside": 0, "IsDepiction": 0, "IsTruncated": 0, "IsGroupOf": 0}, {"id": 109, "image_id": 9, "category_id": 117, "bbox": [436.48376832, 478.19468736, 75.51623167999998, 90.79645823999998], "area": 6856.606376175281, "iscrowd": 0, "IsOccluded": 1, "IsInside": 0, "IsDepiction": 0, "IsTruncated": 0, "IsGroupOf": 0}, {"id": 108, "image_id": 9, "category_id": 117, "bbox": [220.50737152, 154.35398448, 45.30973696000001, 84.7433592], "area": 3839.699314458797, "iscrowd": 0, "IsOccluded": 1, "IsInside": 0, "IsDepiction": 0, "IsTruncated": 0, "IsGroupOf": 0}, {"id": 107, "image_id": 9, "category_id": 117, "bbox": [182.74926592, 496.3539708, 229.56931072, 181.59293015999995], "area": 41688.16380845629, "iscrowd": 0, "IsOccluded": 1, "IsInside": 0, "IsDepiction": 0, "IsTruncated": 0, "IsGroupOf": 0}, {"id": 106, "image_id": 9, "category_id": 117, "bbox": [161.60472064, 190.67256504, 125.35692287999998, 152.84071656], "area": 19159.64191873586, "iscrowd": 0, "IsOccluded": 1, "IsInside": 0, "IsDepiction": 0, "IsTruncated": 0, "IsGroupOf": 0}, {"id": 105, "image_id": 9, "category_id": 117, "bbox": [99.681419264, 31.778761751999998, 86.088493056, 260.283191688], "area": 22407.387740225906, "iscrowd": 0, "IsOccluded": 1, "IsInside": 0, "IsDepiction": 0, "IsTruncated": 0, "IsGroupOf": 0}, {"id": 104, "image_id": 9, "category_id": 117, "bbox": [22.654867456, 169.48672524, 86.08849510399999, 204.29201736000002], "area": 17587.192336282642, "iscrowd": 0, "IsOccluded": 1, "IsInside": 0, "IsDepiction": 0, "IsTruncated": 0, "IsGroupOf": 0}, {"id": 102, "image_id": 9, "category_id": 128, "bbox": [0.0, 65.070798264, 1024.0, 361.672560936], "area": 370352.702398464, "iscrowd": 1, "IsOccluded": 0, "IsInside": 0, "IsDepiction": 0, "IsTruncated": 0, "IsGroupOf": 1}, {"id": 101, "image_id": 9, "category_id": 121, "bbox": [820.10619904, 367.7256504, 15.103221759999997, 9.079662239999951], "area": 137.13215231661758, "iscrowd": 0, "IsOccluded": 1, "IsInside": 0, "IsDepiction": 0, "IsTruncated": 0, "IsGroupOf": 0}, {"id": 99, "image_id": 9, "category_id": 121, "bbox": [652.46020608, 223.96459607999998, 10.572267519999968, 9.079648559999997], "area": 95.99247356390245, "iscrowd": 0, "IsOccluded": 0, "IsInside": 0, "IsDepiction": 0, "IsTruncated": 0, "IsGroupOf": 0}, {"id": 79, "image_id": 9, "category_id": 129, "bbox": [916.76696576, 210.34513008000002, 12.082585600000016, 18.159297119999994], "area": 219.4112618882337, "iscrowd": 0, "IsOccluded": 0, "IsInside": 0, "IsDepiction": 0, "IsTruncated": 0, "IsGroupOf": 0}, {"id": 80, "image_id": 9, "category_id": 129, "bbox": [933.3805568, 485.76106799999997, 13.592893440000012, 9.07962120000005], "area": 123.4183234471657, "iscrowd": 0, "IsOccluded": 0, "IsInside": 0, "IsDepiction": 0, "IsTruncated": 0, "IsGroupOf": 0}, {"id": 77, "image_id": 9, "category_id": 129, "bbox": [869.94688, 90.79645824, 6.041343999999981, 6.053099040000005], "area": 36.56885356670967, "iscrowd": 0, "IsOccluded": 0, "IsInside": 0, "IsDepiction": 0, "IsTruncated": 0, "IsGroupOf": 0}, {"id": 56, "image_id": 9, "category_id": 129, "bbox": [259.77581568, 222.45132816, 10.572267520000025, 12.10619807999997], "area": 127.98996475187036, "iscrowd": 0, "IsOccluded": 0, "IsInside": 0, "IsDepiction": 0, "IsTruncated": 0, "IsGroupOf": 0}, {"id": 55, "image_id": 9, "category_id": 129, "bbox": [240.14158848, 113.4955728, 9.061949440000006, 6.053099040000005], "area": 54.852877455792616, "iscrowd": 0, "IsOccluded": 0, "IsInside": 0, "IsDepiction": 0, "IsTruncated": 0, "IsGroupOf": 0}, {"id": 54, "image_id": 9, "category_id": 129, "bbox": [206.9144576, 178.56636695999998, 13.59291392, 13.61947968000001], "area": 185.1284149254293, "iscrowd": 0, "IsOccluded": 0, "IsInside": 0, "IsDepiction": 0, "IsTruncated": 0, "IsGroupOf": 0}, {"id": 53, "image_id": 9, "category_id": 129, "bbox": [66.45427712, 107.4424806, 4.530975744000003, 6.053092200000008], "area": 27.42641393439565, "iscrowd": 0, "IsOccluded": 0, "IsInside": 0, "IsDepiction": 0, "IsTruncated": 0, "IsGroupOf": 0}, {"id": 52, "image_id": 9, "category_id": 129, "bbox": [1.5103244288, 219.42477864, 15.1032451072, 18.159297119999994], "area": 274.26431537783094, "iscrowd": 0, "IsOccluded": 0, "IsInside": 0, "IsDepiction": 0, "IsTruncated": 0, "IsGroupOf": 0}, {"id": 51, "image_id": 9, "category_id": 97, "bbox": [883.53979392, 154.35398448, 27.185838080000053, 46.91149704], "area": 1275.3283626198418, "iscrowd": 0, "IsOccluded": 1, "IsInside": 0, "IsDepiction": 0, "IsTruncated": 0, "IsGroupOf": 0}, {"id": 50, "image_id": 9, "category_id": 97, "bbox": [845.7817088, 80.203537656, 27.18581759999995, 55.991149703999994], "area": 1522.1651830672351, "iscrowd": 0, "IsOccluded": 1, "IsInside": 0, "IsDepiction": 0, "IsTruncated": 0, "IsGroupOf": 0}, {"id": 49, "image_id": 9, "category_id": 97, "bbox": [714.3834624, 213.37167960000002, 28.69616640000004, 52.96460975999998], "area": 1519.8812549840256, "iscrowd": 0, "IsOccluded": 1, "IsInside": 0, "IsDepiction": 0, "IsTruncated": 0, "IsGroupOf": 0}, {"id": 48, "image_id": 9, "category_id": 97, "bbox": [620.7433728, 145.27433592, 33.227161600000045, 31.778763119999994], "area": 1055.9180976363614, "iscrowd": 0, "IsOccluded": 1, "IsInside": 0, "IsDepiction": 0, "IsTruncated": 0, "IsGroupOf": 0}, {"id": 47, "image_id": 9, "category_id": 97, "bbox": [430.44247552, 113.4955728, 43.79940863999997, 99.87610680000002], "area": 4374.51441510548, "iscrowd": 0, "IsOccluded": 1, "IsInside": 0, "IsDepiction": 0, "IsTruncated": 0, "IsGroupOf": 0}, {"id": 46, "image_id": 9, "category_id": 97, "bbox": [270.3480832, 90.79645824, 30.206484479999972, 80.20354176], "area": 2422.6670394144694, "iscrowd": 0, "IsOccluded": 1, "IsInside": 0, "IsDepiction": 0, "IsTruncated": 0, "IsGroupOf": 0}, {"id": 45, "image_id": 9, "category_id": 97, "bbox": [217.48672512, 98.36283204, 48.33038336000001, 63.55751940000001], "area": 3071.7592780126383, "iscrowd": 0, "IsOccluded": 1, "IsInside": 0, "IsDepiction": 0, "IsTruncated": 0, "IsGroupOf": 0}, {"id": 44, "image_id": 9, "category_id": 97, "bbox": [36.24778752, 95.33628252, 48.33038336, 48.42477864000001], "area": 2340.3881157943397, "iscrowd": 0, "IsOccluded": 1, "IsInside": 0, "IsDepiction": 0, "IsTruncated": 0, "IsGroupOf": 0}, {"id": 43, "image_id": 9, "category_id": 124, "bbox": [0.0, 24.212389320000003, 1024.0, 659.7876106800001], "area": 675622.5133363201, "iscrowd": 1, "IsOccluded": 0, "IsInside": 0, "IsDepiction": 0, "IsTruncated": 0, "IsGroupOf": 1}, {"id": 42, "image_id": 9, "category_id": 122, "bbox": [0.0, 24.212389320000003, 1024.0, 659.7876106800001], "area": 675622.5133363201, "iscrowd": 1, "IsOccluded": 0, "IsInside": 0, "IsDepiction": 0, "IsTruncated": 0, "IsGroupOf": 1}, {"id": 57, "image_id": 9, "category_id": 129, "bbox": [271.85840128, 110.46902328, 9.061949439999978, 7.566373799999991], "area": 68.56609681974042, "iscrowd": 0, "IsOccluded": 0, "IsInside": 0, "IsDepiction": 0, "IsTruncated": 0, "IsGroupOf": 0}, {"id": 59, "image_id": 9, "category_id": 129, "bbox": [367.00884992, 248.17699224, 9.061949440000035, 7.5663669599999945], "area": 68.56603483600672, "iscrowd": 0, "IsOccluded": 0, "IsInside": 0, "IsDepiction": 0, "IsTruncated": 0, "IsGroupOf": 0}, {"id": 58, "image_id": 9, "category_id": 129, "bbox": [359.45721856, 210.34513008000002, 6.041313279999997, 9.079648559999997], "area": 54.853001423260835, "iscrowd": 0, "IsOccluded": 0, "IsInside": 0, "IsDepiction": 0, "IsTruncated": 0, "IsGroupOf": 0}, {"id": 61, "image_id": 9, "category_id": 129, "bbox": [373.05014272, 346.53981744000004, 13.592924159999995, 25.725677759999943], "area": 349.6871867562778, "iscrowd": 0, "IsOccluded": 0, "IsInside": 0, "IsDepiction": 0, "IsTruncated": 0, "IsGroupOf": 0}, {"id": 76, "image_id": 9, "category_id": 129, "bbox": [866.9262848, 581.0973299999999, 4.530933760000039, 10.592930160000037], "area": 47.99586487926678, "iscrowd": 0, "IsOccluded": 0, "IsInside": 0, "IsDepiction": 0, "IsTruncated": 0, "IsGroupOf": 0}, {"id": 75, "image_id": 9, "category_id": 129, "bbox": [795.9409664, 367.7256504, 21.14457600000003, 25.725677759999943], "area": 543.9585485478293, "iscrowd": 0, "IsOccluded": 0, "IsInside": 0, "IsDepiction": 0, "IsTruncated": 0, "IsGroupOf": 0}, {"id": 74, "image_id": 9, "category_id": 129, "bbox": [715.89380096, 228.5044272, 9.061949440000035, 16.64601551999999], "area": 150.8453510196958, "iscrowd": 0, "IsOccluded": 0, "IsInside": 0, "IsDepiction": 0, "IsTruncated": 0, "IsGroupOf": 0}, {"id": 73, "image_id": 9, "category_id": 129, "bbox": [699.28020992, 234.55752624, 10.57225728000003, 15.132733920000028], "area": 159.9871563520237, "iscrowd": 0, "IsOccluded": 0, "IsInside": 0, "IsDepiction": 0, "IsTruncated": 0, "IsGroupOf": 0}, {"id": 72, "image_id": 9, "category_id": 129, "bbox": [685.687296, 178.56636695999998, 10.572288000000071, 10.59293016], "area": 111.99150841540684, "iscrowd": 0, "IsOccluded": 0, "IsInside": 0, "IsDepiction": 0, "IsTruncated": 0, "IsGroupOf": 0}, {"id": 71, "image_id": 9, "category_id": 129, "bbox": [638.8672512, 222.45132816, 12.082585599999902, 19.672565040000002], "area": 237.69545106736552, "iscrowd": 0, "IsOccluded": 0, "IsInside": 0, "IsDepiction": 0, "IsTruncated": 0, "IsGroupOf": 0}, {"id": 60, "image_id": 9, "category_id": 129, "bbox": [370.02950656, 484.24778640000005, 10.572267519999968, 18.159310799999986], "area": 191.98509175642448, "iscrowd": 0, "IsOccluded": 0, "IsInside": 0, "IsDepiction": 0, "IsTruncated": 0, "IsGroupOf": 0}, {"id": 69, "image_id": 9, "category_id": 129, "bbox": [619.23303424, 158.89380192, 9.061928959999932, 7.56637380000001], "area": 68.56594186040482, "iscrowd": 0, "IsOccluded": 0, "IsInside": 0, "IsDepiction": 0, "IsTruncated": 0, "IsGroupOf": 0}, {"id": 70, "image_id": 9, "category_id": 129, "bbox": [620.7433728, 195.21239616000003, 12.082585600000016, 13.61946599999998], "area": 164.55836377128958, "iscrowd": 0, "IsOccluded": 0, "IsInside": 0, "IsDepiction": 0, "IsTruncated": 0, "IsGroupOf": 0}, {"id": 67, "image_id": 9, "category_id": 129, "bbox": [572.41296896, 124.08849612, 4.531005440000058, 12.106191239999994], "area": 54.85321836612102, "iscrowd": 0, "IsOccluded": 0, "IsInside": 0, "IsDepiction": 0, "IsTruncated": 0, "IsGroupOf": 0}, {"id": 66, "image_id": 9, "category_id": 129, "bbox": [518.0412928, 115.00884756, 9.061990400000013, 9.079648559999997], "area": 82.27968808609391, "iscrowd": 0, "IsOccluded": 0, "IsInside": 0, "IsDepiction": 0, "IsTruncated": 0, "IsGroupOf": 0}, {"id": 65, "image_id": 9, "category_id": 129, "bbox": [498.40707584, 161.92035144, 12.082606080000005, 12.10619808000001], "area": 146.2744225270925, "iscrowd": 0, "IsOccluded": 0, "IsInside": 0, "IsDepiction": 0, "IsTruncated": 0, "IsGroupOf": 0}, {"id": 64, "image_id": 9, "category_id": 129, "bbox": [483.3038336, 122.57522136, 9.061949439999978, 13.619466], "area": 123.41891229179873, "iscrowd": 0, "IsOccluded": 0, "IsInside": 0, "IsDepiction": 0, "IsTruncated": 0, "IsGroupOf": 0}, {"id": 63, "image_id": 9, "category_id": 129, "bbox": [441.01474304, 131.65486991999998, 7.551631359999988, 15.132740760000004], "area": 114.27687968596608, "iscrowd": 0, "IsOccluded": 0, "IsInside": 0, "IsDepiction": 0, "IsTruncated": 0, "IsGroupOf": 0}, {"id": 62, "image_id": 9, "category_id": 129, "bbox": [403.2566272, 161.92035144, 12.082606079999948, 10.592916480000007], "area": 127.99003706617972, "iscrowd": 0, "IsOccluded": 0, "IsInside": 0, "IsDepiction": 0, "IsTruncated": 0, "IsGroupOf": 0}, {"id": 68, "image_id": 9, "category_id": 129, "bbox": [593.557504, 187.64601552, 7.551631359999988, 7.566380640000025], "area": 57.138517322720965, "iscrowd": 0, "IsOccluded": 0, "IsInside": 0, "IsDepiction": 0, "IsTruncated": 0, "IsGroupOf": 0}, {"id": 78, "image_id": 9, "category_id": 129, "bbox": [904.6843904, 171.0, 9.061939199999983, 10.592916480000007], "area": 95.99236509243791, "iscrowd": 0, "IsOccluded": 0, "IsInside": 0, "IsDepiction": 0, "IsTruncated": 0, "IsGroupOf": 0}, {"id": 116, "image_id": 10, "category_id": 188, "bbox": [97.96389888, 157.1119104, 826.22385152, 719.0180352], "area": 594069.850355287, "iscrowd": 0, "IsOccluded": 0, "IsInside": 0, "IsDepiction": 0, "IsTruncated": 0, "IsGroupOf": 0}, {"id": 120, "image_id": 11, "category_id": 255, "bbox": [305.60000256, 747.2, 171.20000256000003, 166.39999999999998], "area": 28487.680425984003, "iscrowd": 0, "IsOccluded": 0, "IsInside": 0, "IsDepiction": 0, "IsTruncated": 0, "IsGroupOf": 0}, {"id": 122, "image_id": 11, "category_id": 255, "bbox": [473.6000256, 457.6, 31.999994879999974, 41.599999999999966], "area": 1331.1997870079979, "iscrowd": 0, "IsOccluded": 0, "IsInside": 0, "IsDepiction": 0, "IsTruncated": 0, "IsGroupOf": 0}, {"id": 121, "image_id": 11, "category_id": 255, "bbox": [307.20000000000005, 697.6, 148.79999999999998, 72.0], "area": 10713.599999999999, "iscrowd": 0, "IsOccluded": 1, "IsInside": 0, "IsDepiction": 0, "IsTruncated": 0, "IsGroupOf": 0}, {"id": 119, "image_id": 11, "category_id": 255, "bbox": [177.60000000000002, 641.6, 57.60000000000001, 120.0], "area": 6912.000000000001, "iscrowd": 0, "IsOccluded": 1, "IsInside": 0, "IsDepiction": 0, "IsTruncated": 0, "IsGroupOf": 0}, {"id": 117, "image_id": 11, "category_id": 255, "bbox": [11.199999744, 515.2, 57.599997696, 67.19999999999993], "area": 3870.719845171196, "iscrowd": 0, "IsOccluded": 0, "IsInside": 0, "IsDepiction": 0, "IsTruncated": 0, "IsGroupOf": 0}, {"id": 118, "image_id": 11, "category_id": 255, "bbox": [140.80000512, 454.4, 36.79999488, 36.80000000000001], "area": 1354.2398115840003, "iscrowd": 0, "IsOccluded": 1, "IsInside": 0, "IsDepiction": 0, "IsTruncated": 0, "IsGroupOf": 0}, {"id": 123, "image_id": 12, "category_id": 153, "bbox": [210.71479808, 68.389892096, 739.35020032, 898.310488064], "area": 664166.0392996754, "iscrowd": 0, "IsOccluded": 0, "IsInside": 0, "IsDepiction": 1, "IsTruncated": 0, "IsGroupOf": 0}, {"id": 132, "image_id": 13, "category_id": 255, "bbox": [830.4, 371.19998976, 88.0, 155.19998976], "area": 13657.59909888, "iscrowd": 0, "IsOccluded": 1, "IsInside": 0, "IsDepiction": 0, "IsTruncated": 0, "IsGroupOf": 0}, {"id": 131, "image_id": 13, "category_id": 255, "bbox": [550.4, 430.39997952, 198.39999999999998, 288.0], "area": 57139.2, "iscrowd": 0, "IsOccluded": 1, "IsInside": 0, "IsDepiction": 0, "IsTruncated": 0, "IsGroupOf": 0}, {"id": 130, "image_id": 13, "category_id": 255, "bbox": [504.0, 183.99999744000002, 54.39999999999998, 22.400002559999983], "area": 1218.5601392639985, "iscrowd": 0, "IsOccluded": 1, "IsInside": 0, "IsDepiction": 0, "IsTruncated": 0, "IsGroupOf": 0}, {"id": 128, "image_id": 13, "category_id": 255, "bbox": [46.4, 339.19999487999996, 134.4, 153.59999232], "area": 20643.838967808002, "iscrowd": 0, "IsOccluded": 1, "IsInside": 0, "IsDepiction": 0, "IsTruncated": 0, "IsGroupOf": 0}, {"id": 129, "image_id": 13, "category_id": 255, "bbox": [184.0, 483.19999487999996, 147.2, 102.40000511999997], "area": 15073.280753663996, "iscrowd": 0, "IsOccluded": 1, "IsInside": 0, "IsDepiction": 0, "IsTruncated": 0, "IsGroupOf": 0}, {"id": 126, "image_id": 13, "category_id": 236, "bbox": [552.0, 428.80000512000004, 200.0, 283.19996928], "area": 56639.993856, "iscrowd": 0, "IsOccluded": 1, "IsInside": 0, "IsDepiction": 0, "IsTruncated": 0, "IsGroupOf": 0}, {"id": 125, "image_id": 13, "category_id": 236, "bbox": [187.2, 480.0, 150.40000000000003, 104.00002559999996], "area": 15641.603850239997, "iscrowd": 0, "IsOccluded": 1, "IsInside": 0, "IsDepiction": 0, "IsTruncated": 0, "IsGroupOf": 0}, {"id": 124, "image_id": 13, "category_id": 236, "bbox": [41.6, 331.20000000000005, 156.8, 164.79997440000002], "area": 25840.635985920006, "iscrowd": 0, "IsOccluded": 1, "IsInside": 0, "IsDepiction": 0, "IsTruncated": 0, "IsGroupOf": 0}, {"id": 127, "image_id": 13, "category_id": 236, "bbox": [830.4, 371.19998976, 88.0, 156.80001024], "area": 13798.40090112, "iscrowd": 0, "IsOccluded": 1, "IsInside": 0, "IsDepiction": 0, "IsTruncated": 0, "IsGroupOf": 0}, {"id": 145, "image_id": 14, "category_id": 261, "bbox": [452.494728, 549.4245376, 305.91200799999996, 337.6174592], "area": 103281.23487973005, "iscrowd": 0, "IsOccluded": 1, "IsInside": 0, "IsDepiction": 0, "IsTruncated": 1, "IsGroupOf": 0}, {"id": 144, "image_id": 14, "category_id": 261, "bbox": [325.03144199999997, 70.07154176, 210.31445800000003, 509.61117184000005], "area": 107178.59739627449, "iscrowd": 0, "IsOccluded": 1, "IsInside": 0, "IsDepiction": 0, "IsTruncated": 0, "IsGroupOf": 0}, {"id": 143, "image_id": 14, "category_id": 261, "bbox": [0.0, 436.35458048, 396.72957600000007, 458.6500608], "area": 181960.04415355826, "iscrowd": 0, "IsOccluded": 1, "IsInside": 0, "IsDepiction": 0, "IsTruncated": 0, "IsGroupOf": 0}, {"id": 142, "image_id": 14, "category_id": 261, "bbox": [0.0, 291.43390208, 285.199158, 471.39039232], "area": 134440.14297895366, "iscrowd": 0, "IsOccluded": 1, "IsInside": 0, "IsDepiction": 0, "IsTruncated": 0, "IsGroupOf": 0}, {"id": 141, "image_id": 14, "category_id": 119, "bbox": [0.0, 89.18196224, 760.0, 850.41368064], "area": 646314.3972864001, "iscrowd": 1, "IsOccluded": 0, "IsInside": 0, "IsDepiction": 1, "IsTruncated": 0, "IsGroupOf": 1}, {"id": 139, "image_id": 14, "category_id": 97, "bbox": [282.012592, 89.18196224, 256.519912, 493.68583168000004], "area": 126640.24609820041, "iscrowd": 0, "IsOccluded": 1, "IsInside": 0, "IsDepiction": 0, "IsTruncated": 0, "IsGroupOf": 0}, {"id": 140, "image_id": 14, "category_id": 97, "bbox": [447.71486, 554.20215296, 307.505272, 332.83984383999996], "area": 102350.00671245671, "iscrowd": 0, "IsOccluded": 0, "IsInside": 0, "IsDepiction": 0, "IsTruncated": 0, "IsGroupOf": 0}, {"id": 137, "image_id": 14, "category_id": 97, "bbox": [0.0, 294.61899264, 286.79246, 479.35297535999996], "area": 137474.8190118138, "iscrowd": 0, "IsOccluded": 1, "IsInside": 0, "IsDepiction": 0, "IsTruncated": 0, "IsGroupOf": 0}, {"id": 136, "image_id": 14, "category_id": 78, "bbox": [468.42767200000003, 621.08862464, 224.65409999999997, 267.54589695999994], "area": 60105.28269024151, "iscrowd": 0, "IsOccluded": 0, "IsInside": 0, "IsDepiction": 0, "IsTruncated": 0, "IsGroupOf": 0}, {"id": 135, "image_id": 14, "category_id": 78, "bbox": [289.9790336, 264.3608064, 246.96020639999998, 224.5474304], "area": 55454.27975817363, "iscrowd": 0, "IsOccluded": 0, "IsInside": 0, "IsDepiction": 0, "IsTruncated": 0, "IsGroupOf": 0}, {"id": 134, "image_id": 14, "category_id": 78, "bbox": [7.9664568000000004, 418.83670528, 242.1802852, 351.95021312], "area": 85235.40298960237, "iscrowd": 0, "IsOccluded": 1, "IsInside": 0, "IsDepiction": 0, "IsTruncated": 0, "IsGroupOf": 0}, {"id": 133, "image_id": 14, "category_id": 78, "bbox": [0.0, 557.387264, 332.9979064, 336.02484224], "area": 111895.56896431028, "iscrowd": 0, "IsOccluded": 1, "IsInside": 0, "IsDepiction": 0, "IsTruncated": 0, "IsGroupOf": 0}, {"id": 138, "image_id": 14, "category_id": 97, "bbox": [0.0, 449.09488128, 390.35636800000003, 442.72470016], "area": 172820.40597834662, "iscrowd": 0, "IsOccluded": 1, "IsInside": 0, "IsDepiction": 0, "IsTruncated": 1, "IsGroupOf": 0}, {"id": 146, "image_id": 15, "category_id": 31, "bbox": [252.21675008, 151.42857264, 494.34483711999997, 484.57142736000003], "area": 239545.38333128512, "iscrowd": 0, "IsOccluded": 0, "IsInside": 0, "IsDepiction": 0, "IsTruncated": 0, "IsGroupOf": 0}, {"id": 148, "image_id": 16, "category_id": 217, "bbox": [4.8, 44.893526784, 1017.6, 662.179550976], "area": 673833.9110731776, "iscrowd": 0, "IsOccluded": 0, "IsInside": 0, "IsDepiction": 0, "IsTruncated": 0, "IsGroupOf": 0}, {"id": 149, "image_id": 16, "category_id": 115, "bbox": [0.0, 0.0, 1022.4, 766.3966464], "area": 783563.93127936, "iscrowd": 0, "IsOccluded": 0, "IsInside": 1, "IsDepiction": 0, "IsTruncated": 1, "IsGroupOf": 0}, {"id": 147, "image_id": 16, "category_id": 207, "bbox": [6.4, 46.496867328, 988.8000000000001, 662.179510272], "area": 654763.0997569537, "iscrowd": 0, "IsOccluded": 0, "IsInside": 0, "IsDepiction": 0, "IsTruncated": 0, "IsGroupOf": 0}, {"id": 150, "image_id": 17, "category_id": 119, "bbox": [409.6, 201.99617659, 175.54288639999993, 322.02290211], "area": 56528.82972329403, "iscrowd": 0, "IsOccluded": 0, "IsInside": 0, "IsDepiction": 0, "IsTruncated": 0, "IsGroupOf": 0}, {"id": 151, "image_id": 17, "category_id": 126, "bbox": [471.04, 207.85114779, 64.36567039999994, 76.11449521], "area": 4899.160511349234, "iscrowd": 0, "IsOccluded": 0, "IsInside": 0, "IsDepiction": 0, "IsTruncated": 0, "IsGroupOf": 0}, {"id": 152, "image_id": 17, "category_id": 232, "bbox": [70.217140224, 29.274809979999997, 912.822859776, 702.5954395199999], "area": 641345.178368222, "iscrowd": 0, "IsOccluded": 0, "IsInside": 0, "IsDepiction": 0, "IsTruncated": 0, "IsGroupOf": 0}, {"id": 153, "image_id": 18, "category_id": 34, "bbox": [80.67875046, 223.55644415999998, 759.59802534, 527.71485696], "area": 400851.1632893966, "iscrowd": 0, "IsOccluded": 0, "IsInside": 0, "IsDepiction": 0, "IsTruncated": 0, "IsGroupOf": 0}, {"id": 154, "image_id": 19, "category_id": 236, "bbox": [108.74336256, 306.74557232, 55.88200447999999, 211.54867716], "area": 11821.764124793193, "iscrowd": 0, "IsOccluded": 1, "IsInside": 0, "IsDepiction": 0, "IsTruncated": 0, "IsGroupOf": 0}, {"id": 155, "image_id": 19, "category_id": 236, "bbox": [305.0855424, 264.43583962, 256.75515903999997, 376.25442768], "area": 96605.26541848257, "iscrowd": 0, "IsOccluded": 1, "IsInside": 0, "IsDepiction": 0, "IsTruncated": 0, "IsGroupOf": 0}, {"id": 156, "image_id": 19, "category_id": 255, "bbox": [107.23303936, 306.74557232, 93.64011519999998, 220.61505137999995], "area": 20658.41882607711, "iscrowd": 0, "IsOccluded": 0, "IsInside": 0, "IsDepiction": 0, "IsTruncated": 1, "IsGroupOf": 0}, {"id": 157, "image_id": 19, "category_id": 255, "bbox": [311.1268352, 264.43583962, 223.52803839999996, 370.21015087999996], "area": 82752.3488219744, "iscrowd": 0, "IsOccluded": 0, "IsInside": 0, "IsDepiction": 0, "IsTruncated": 0, "IsGroupOf": 0}, {"id": 158, "image_id": 20, "category_id": 0, "bbox": [35.22038272, 87.391305, 889.64075008, 305.217405], "area": 271533.84112167114, "iscrowd": 0, "IsOccluded": 0, "IsInside": 0, "IsDepiction": 0, "IsTruncated": 0, "IsGroupOf": 0}, {"id": 159, "image_id": 21, "category_id": 156, "bbox": [200.9201664, 29.14698816, 591.6752281600001, 424.71324864], "area": 251292.30829164686, "iscrowd": 0, "IsOccluded": 0, "IsInside": 0, "IsDepiction": 0, "IsTruncated": 0, "IsGroupOf": 0}, {"id": 160, "image_id": 22, "category_id": 64, "bbox": [73.6, 192.0, 828.8, 369.59999999999997], "area": 306324.48, "iscrowd": 0, "IsOccluded": 0, "IsInside": 0, "IsDepiction": 0, "IsTruncated": 0, "IsGroupOf": 0}, {"id": 161, "image_id": 23, "category_id": 122, "bbox": [804.1411584, 1.507760532, 219.8588416, 645.321499468], "area": 141879.63733260948, "iscrowd": 0, "IsOccluded": 0, "IsInside": 0, "IsDepiction": 0, "IsTruncated": 1, "IsGroupOf": 0}, {"id": 162, "image_id": 23, "category_id": 124, "bbox": [108.423530496, 0.0, 915.576469504, 529.22394], "area": 484544.9865621967, "iscrowd": 0, "IsOccluded": 0, "IsInside": 0, "IsDepiction": 0, "IsTruncated": 1, "IsGroupOf": 0}, {"id": 163, "image_id": 23, "category_id": 119, "bbox": [106.917648384, 0.0, 917.082351616, 680.0], "area": 623615.99909888, "iscrowd": 0, "IsOccluded": 0, "IsInside": 0, "IsDepiction": 0, "IsTruncated": 1, "IsGroupOf": 0}, {"id": 164, "image_id": 23, "category_id": 120, "bbox": [643.0117888, 0.0, 146.07052799999997, 358.8469888], "area": 52416.969125226075, "iscrowd": 0, "IsOccluded": 0, "IsInside": 0, "IsDepiction": 0, "IsTruncated": 0, "IsGroupOf": 0}, {"id": 165, "image_id": 23, "category_id": 148, "bbox": [114.44706304, 0.0, 909.55293696, 680.0], "area": 618495.9971328, "iscrowd": 0, "IsOccluded": 0, "IsInside": 0, "IsDepiction": 0, "IsTruncated": 1, "IsGroupOf": 0}, {"id": 172, "image_id": 24, "category_id": 117, "bbox": [854.6646016, 156.5135685, 76.68019200000003, 22.359075750000013], "area": 1714.4982214525457, "iscrowd": 0, "IsOccluded": 1, "IsInside": 0, "IsDepiction": 0, "IsTruncated": 0, "IsGroupOf": 0}, {"id": 171, "image_id": 24, "category_id": 255, "bbox": [937.73479936, 330.59497949999997, 86.26520063999999, 172.4843205], "area": 14879.394515186563, "iscrowd": 0, "IsOccluded": 0, "IsInside": 0, "IsDepiction": 0, "IsTruncated": 0, "IsGroupOf": 0}, {"id": 170, "image_id": 24, "category_id": 255, "bbox": [353.0483712, 376.9102215, 287.5506687999999, 364.13359695], "area": 104706.85933552212, "iscrowd": 0, "IsOccluded": 0, "IsInside": 0, "IsDepiction": 0, "IsTruncated": 0, "IsGroupOf": 0}, {"id": 173, "image_id": 24, "category_id": 117, "bbox": [971.2823296, 91.03340115, 52.717670399999975, 54.30062565], "area": 2862.6024855304845, "iscrowd": 0, "IsOccluded": 0, "IsInside": 0, "IsDepiction": 1, "IsTruncated": 0, "IsGroupOf": 0}, {"id": 168, "image_id": 24, "category_id": 119, "bbox": [851.4696192, 91.03340115, 172.5303808, 188.45511075], "area": 32514.23202140367, "iscrowd": 0, "IsOccluded": 0, "IsInside": 0, "IsDepiction": 1, "IsTruncated": 0, "IsGroupOf": 0}, {"id": 167, "image_id": 24, "category_id": 127, "bbox": [931.3447936, 215.60543505, 75.08264959999997, 67.07723489999998], "area": 5036.336524133588, "iscrowd": 0, "IsOccluded": 1, "IsInside": 0, "IsDepiction": 0, "IsTruncated": 0, "IsGroupOf": 0}, {"id": 166, "image_id": 24, "category_id": 127, "bbox": [861.05462784, 154.9164933, 123.00773376000006, 57.4947837], "area": 7072.3030459583915, "iscrowd": 0, "IsOccluded": 0, "IsInside": 0, "IsDepiction": 1, "IsTruncated": 0, "IsGroupOf": 0}, {"id": 169, "image_id": 24, "category_id": 128, "bbox": [921.759744, 146.931102, 7.9875072000000955, 6.38830845], "area": 51.02665974019645, "iscrowd": 0, "IsOccluded": 0, "IsInside": 0, "IsDepiction": 1, "IsTruncated": 0, "IsGroupOf": 0}, {"id": 174, "image_id": 25, "category_id": 107, "bbox": [0.0, 0.0, 1024.0, 768.0], "area": 786432.0, "iscrowd": 0, "IsOccluded": 0, "IsInside": 0, "IsDepiction": 0, "IsTruncated": 0, "IsGroupOf": 0}, {"id": 189, "image_id": 26, "category_id": 117, "bbox": [552.0, 41.600000256, 17.600000000000023, 19.199999231999996], "area": 337.9199864832004, "iscrowd": 0, "IsOccluded": 1, "IsInside": 0, "IsDepiction": 0, "IsTruncated": 0, "IsGroupOf": 0}, {"id": 190, "image_id": 26, "category_id": 117, "bbox": [612.8, 16.000000512, 32.0, 84.79999948800001], "area": 2713.5999836160004, "iscrowd": 0, "IsOccluded": 1, "IsInside": 0, "IsDepiction": 0, "IsTruncated": 0, "IsGroupOf": 0}, {"id": 191, "image_id": 26, "category_id": 117, "bbox": [654.4, 22.400000256, 72.0, 59.199999744], "area": 4262.399981568, "iscrowd": 0, "IsOccluded": 0, "IsInside": 0, "IsDepiction": 0, "IsTruncated": 0, "IsGroupOf": 0}, {"id": 192, "image_id": 26, "category_id": 261, "bbox": [244.8, 0.0, 116.80000000000001, 305.60000256], "area": 35694.080299008005, "iscrowd": 0, "IsOccluded": 1, "IsInside": 0, "IsDepiction": 0, "IsTruncated": 1, "IsGroupOf": 0}, {"id": 193, "image_id": 26, "category_id": 261, "bbox": [419.2, 0.0, 91.19999999999999, 159.99999744000002], "area": 14591.999766527999, "iscrowd": 0, "IsOccluded": 1, "IsInside": 0, "IsDepiction": 0, "IsTruncated": 1, "IsGroupOf": 0}, {"id": 195, "image_id": 26, "category_id": 261, "bbox": [572.8, 0.0, 56.0, 192.0], "area": 10752.0, "iscrowd": 0, "IsOccluded": 1, "IsInside": 0, "IsDepiction": 0, "IsTruncated": 1, "IsGroupOf": 0}, {"id": 196, "image_id": 26, "category_id": 261, "bbox": [652.8, 0.0, 96.0, 232.00000511999997], "area": 22272.000491519997, "iscrowd": 0, "IsOccluded": 1, "IsInside": 0, "IsDepiction": 0, "IsTruncated": 1, "IsGroupOf": 0}, {"id": 197, "image_id": 26, "category_id": 148, "bbox": [257.6, 126.40000512, 321.6, 499.20001536], "area": 160542.724939776, "iscrowd": 0, "IsOccluded": 1, "IsInside": 0, "IsDepiction": 0, "IsTruncated": 0, "IsGroupOf": 0}, {"id": 198, "image_id": 26, "category_id": 148, "bbox": [608.0, 0.0, 107.20000000000005, 208.00000511999997], "area": 22297.600548864008, "iscrowd": 0, "IsOccluded": 1, "IsInside": 0, "IsDepiction": 0, "IsTruncated": 1, "IsGroupOf": 0}, {"id": 188, "image_id": 26, "category_id": 117, "bbox": [436.8, 17.600000256, 75.19999999999999, 72.00000230399999], "area": 5414.4001732607985, "iscrowd": 0, "IsOccluded": 1, "IsInside": 0, "IsDepiction": 0, "IsTruncated": 0, "IsGroupOf": 0}, {"id": 194, "image_id": 26, "category_id": 261, "bbox": [486.4, 0.0, 116.80000000000007, 256.00000511999997], "area": 29900.800598016012, "iscrowd": 0, "IsOccluded": 1, "IsInside": 0, "IsDepiction": 0, "IsTruncated": 1, "IsGroupOf": 0}, {"id": 187, "image_id": 26, "category_id": 117, "bbox": [425.6, 171.19999488, 84.79999999999995, 275.20000512], "area": 23336.960434175988, "iscrowd": 0, "IsOccluded": 1, "IsInside": 0, "IsDepiction": 0, "IsTruncated": 0, "IsGroupOf": 0}, {"id": 199, "image_id": 26, "category_id": 148, "bbox": [780.8, 0.0, 104.0, 190.40000256000002], "area": 19801.600266240002, "iscrowd": 0, "IsOccluded": 1, "IsInside": 0, "IsDepiction": 0, "IsTruncated": 1, "IsGroupOf": 0}, {"id": 185, "image_id": 26, "category_id": 117, "bbox": [326.4, 8.000000256, 35.200000000000045, 75.200000256], "area": 2647.0400090112034, "iscrowd": 0, "IsOccluded": 1, "IsInside": 0, "IsDepiction": 0, "IsTruncated": 0, "IsGroupOf": 0}, {"id": 186, "image_id": 26, "category_id": 117, "bbox": [347.2, 244.79999999999998, 81.60000000000002, 264.0], "area": 21542.400000000005, "iscrowd": 0, "IsOccluded": 1, "IsInside": 0, "IsDepiction": 0, "IsTruncated": 0, "IsGroupOf": 0}, {"id": 176, "image_id": 26, "category_id": 119, "bbox": [0.0, 1.6000000511999999, 40.0, 345.5999897088], "area": 13823.999588352, "iscrowd": 0, "IsOccluded": 0, "IsInside": 0, "IsDepiction": 0, "IsTruncated": 1, "IsGroupOf": 0}, {"id": 177, "image_id": 26, "category_id": 119, "bbox": [168.0, 0.0, 707.2, 328.00000511999997], "area": 231961.60362086399, "iscrowd": 1, "IsOccluded": 1, "IsInside": 0, "IsDepiction": 0, "IsTruncated": 1, "IsGroupOf": 1}, {"id": 178, "image_id": 26, "category_id": 119, "bbox": [256.0, 126.40000512, 321.6, 507.19999487999996], "area": 163115.518353408, "iscrowd": 0, "IsOccluded": 0, "IsInside": 0, "IsDepiction": 0, "IsTruncated": 0, "IsGroupOf": 0}, {"id": 179, "image_id": 26, "category_id": 119, "bbox": [865.6, 0.0, 158.39999999999998, 211.20000000000002], "area": 33454.079999999994, "iscrowd": 1, "IsOccluded": 1, "IsInside": 0, "IsDepiction": 0, "IsTruncated": 1, "IsGroupOf": 1}, {"id": 175, "image_id": 26, "category_id": 127, "bbox": [0.0, 30.399999744, 1024.0, 599.999974656], "area": 614399.974047744, "iscrowd": 1, "IsOccluded": 0, "IsInside": 0, "IsDepiction": 0, "IsTruncated": 0, "IsGroupOf": 1}, {"id": 181, "image_id": 26, "category_id": 117, "bbox": [0.0, 67.19999999999999, 20.8, 16.000000512000007], "area": 332.80001064960015, "iscrowd": 0, "IsOccluded": 0, "IsInside": 0, "IsDepiction": 0, "IsTruncated": 1, "IsGroupOf": 0}, {"id": 182, "image_id": 26, "category_id": 117, "bbox": [0.0, 148.8, 43.2, 44.79999743999999], "area": 1935.3598894079998, "iscrowd": 0, "IsOccluded": 0, "IsInside": 0, "IsDepiction": 0, "IsTruncated": 1, "IsGroupOf": 0}, {"id": 183, "image_id": 26, "category_id": 117, "bbox": [233.6, 86.4, 28.799999999999983, 71.99999999999999], "area": 2073.5999999999985, "iscrowd": 0, "IsOccluded": 1, "IsInside": 0, "IsDepiction": 0, "IsTruncated": 0, "IsGroupOf": 0}, {"id": 184, "image_id": 26, "category_id": 117, "bbox": [246.4, 16.000000512, 89.6, 81.599996928], "area": 7311.359724748799, "iscrowd": 0, "IsOccluded": 1, "IsInside": 0, "IsDepiction": 0, "IsTruncated": 0, "IsGroupOf": 0}, {"id": 180, "image_id": 26, "category_id": 23, "bbox": [166.4, 22.400000256, 158.4, 299.199999744], "area": 47393.2799594496, "iscrowd": 0, "IsOccluded": 1, "IsInside": 0, "IsDepiction": 0, "IsTruncated": 0, "IsGroupOf": 0}, {"id": 210, "image_id": 27, "category_id": 116, "bbox": [388.83279872, 92.62839695, 47.49943807999995, 40.80060885], "area": 1938.005993696873, "iscrowd": 0, "IsOccluded": 1, "IsInside": 0, "IsDepiction": 0, "IsTruncated": 0, "IsGroupOf": 0}, {"id": 218, "image_id": 27, "category_id": 258, "bbox": [0.0, 13.23262824, 33.13915904, 91.52567865999998], "area": 3033.084021357674, "iscrowd": 0, "IsOccluded": 0, "IsInside": 0, "IsDepiction": 0, "IsTruncated": 1, "IsGroupOf": 0}, {"id": 217, "image_id": 27, "category_id": 88, "bbox": [49.708736512, 110.27190200000001, 784.2933882880001, 201.79758650000002], "area": 158268.5128644258, "iscrowd": 1, "IsOccluded": 0, "IsInside": 0, "IsDepiction": 0, "IsTruncated": 0, "IsGroupOf": 1}, {"id": 216, "image_id": 27, "category_id": 88, "bbox": [41.9762688, 207.311167, 460.63429632, 106.96376099999999], "area": 49271.176779975656, "iscrowd": 1, "IsOccluded": 1, "IsInside": 0, "IsDepiction": 0, "IsTruncated": 0, "IsGroupOf": 1}, {"id": 215, "image_id": 27, "category_id": 115, "bbox": [0.0, 0.0, 399.879168, 303.24774145], "area": 121262.45454890511, "iscrowd": 0, "IsOccluded": 0, "IsInside": 0, "IsDepiction": 0, "IsTruncated": 1, "IsGroupOf": 0}, {"id": 214, "image_id": 27, "category_id": 116, "bbox": [543.4821632, 82.70392650000001, 371.1585792000001, 162.09971199999998], "area": 60164.69879464919, "iscrowd": 1, "IsOccluded": 1, "IsInside": 0, "IsDepiction": 0, "IsTruncated": 0, "IsGroupOf": 1}, {"id": 213, "image_id": 27, "category_id": 116, "bbox": [501.50592512, 155.48338619999998, 54.12732928000008, 77.19033869999998], "area": 4178.106880049632, "iscrowd": 0, "IsOccluded": 1, "IsInside": 0, "IsDepiction": 0, "IsTruncated": 0, "IsGroupOf": 0}, {"id": 211, "image_id": 27, "category_id": 116, "bbox": [393.251328, 138.94259725, 43.080908799999975, 71.67674725000002], "area": 3087.8994113578997, "iscrowd": 0, "IsOccluded": 1, "IsInside": 0, "IsDepiction": 0, "IsTruncated": 0, "IsGroupOf": 0}, {"id": 209, "image_id": 27, "category_id": 116, "bbox": [328.0776704, 226.05740275, 35.34844928000001, 48.51965075000003], "area": 1715.0944136196906, "iscrowd": 0, "IsOccluded": 1, "IsInside": 0, "IsDepiction": 0, "IsTruncated": 0, "IsGroupOf": 0}, {"id": 212, "image_id": 27, "category_id": 116, "bbox": [463.94821632, 180.84592949999998, 64.06905855999997, 66.16314850000002], "area": 4239.010635760475, "iscrowd": 0, "IsOccluded": 0, "IsInside": 0, "IsDepiction": 0, "IsTruncated": 0, "IsGroupOf": 0}, {"id": 207, "image_id": 27, "category_id": 116, "bbox": [265.1132928, 163.2024135, 72.90611711999998, 117.99095849999999], "area": 8602.262639502056, "iscrowd": 0, "IsOccluded": 1, "IsInside": 0, "IsDepiction": 0, "IsTruncated": 0, "IsGroupOf": 0}, {"id": 206, "image_id": 27, "category_id": 116, "bbox": [117.0916864, 195.181268, 45.29019903999999, 90.42294650000002], "area": 4095.2732447682715, "iscrowd": 0, "IsOccluded": 1, "IsInside": 0, "IsDepiction": 0, "IsTruncated": 0, "IsGroupOf": 0}, {"id": 205, "image_id": 27, "category_id": 116, "bbox": [107.14994688, 51.82779175, 89.47572736, 259.13898064999995], "area": 23186.64878098771, "iscrowd": 0, "IsOccluded": 0, "IsInside": 0, "IsDepiction": 0, "IsTruncated": 0, "IsGroupOf": 0}, {"id": 204, "image_id": 27, "category_id": 116, "bbox": [94.99892736, 154.38066645, 30.929874944000005, 43.00604105000001], "area": 1330.1714715130308, "iscrowd": 0, "IsOccluded": 0, "IsInside": 0, "IsDepiction": 0, "IsTruncated": 0, "IsGroupOf": 0}, {"id": 203, "image_id": 27, "category_id": 116, "bbox": [80.6386176, 221.64652374999997, 47.499458559999994, 77.19032775000004], "area": 3666.4987741939444, "iscrowd": 0, "IsOccluded": 0, "IsInside": 0, "IsDepiction": 0, "IsTruncated": 0, "IsGroupOf": 0}, {"id": 202, "image_id": 27, "category_id": 116, "bbox": [37.557712896, 58.4441066, 66.27831398400001, 156.58609865], "area": 10378.2626118543, "iscrowd": 0, "IsOccluded": 1, "IsInside": 0, "IsDepiction": 0, "IsTruncated": 0, "IsGroupOf": 0}, {"id": 201, "image_id": 27, "category_id": 116, "bbox": [34.24379904, 186.3595246, 57.44120832, 36.38972985000002], "area": 2090.2700530223738, "iscrowd": 0, "IsOccluded": 1, "IsInside": 0, "IsDepiction": 0, "IsTruncated": 0, "IsGroupOf": 0}, {"id": 200, "image_id": 27, "category_id": 116, "bbox": [12.15102464, 219.44108425, 76.22006272, 67.26586825], "area": 5127.0086969302565, "iscrowd": 0, "IsOccluded": 1, "IsInside": 0, "IsDepiction": 0, "IsTruncated": 0, "IsGroupOf": 0}, {"id": 208, "image_id": 27, "category_id": 116, "bbox": [302.67099136, 245.90634, 50.81335808, 51.82779175000001], "area": 2633.54414068842, "iscrowd": 0, "IsOccluded": 0, "IsInside": 0, "IsDepiction": 0, "IsTruncated": 0, "IsGroupOf": 0}, {"id": 219, "image_id": 28, "category_id": 236, "bbox": [565.51635968, 467.94361499999997, 110.22779391999995, 193.246344], "area": 21301.11818222542, "iscrowd": 0, "IsOccluded": 0, "IsInside": 0, "IsDepiction": 0, "IsTruncated": 0, "IsGroupOf": 0}, {"id": 220, "image_id": 28, "category_id": 255, "bbox": [568.7113728, 466.34656275, 105.43528959999992, 185.26092975], "area": 19533.03977975649, "iscrowd": 0, "IsOccluded": 0, "IsInside": 0, "IsDepiction": 0, "IsTruncated": 0, "IsGroupOf": 0}, {"id": 221, "image_id": 28, "category_id": 148, "bbox": [49.52262144, 365.73067979999996, 266.78316544, 397.6722297], "area": 106092.25624694879, "iscrowd": 0, "IsOccluded": 0, "IsInside": 0, "IsDepiction": 0, "IsTruncated": 0, "IsGroupOf": 0}, {"id": 222, "image_id": 29, "category_id": 72, "bbox": [287.38552832, 98.2891841, 736.61447168, 586.7108159], "area": 432179.6776831202, "iscrowd": 0, "IsOccluded": 0, "IsInside": 0, "IsDepiction": 0, "IsTruncated": 1, "IsGroupOf": 0}, {"id": 224, "image_id": 30, "category_id": 0, "bbox": [12.8, 452.80000512000004, 129.6, 22.39999488000001], "area": 2903.039336448001, "iscrowd": 0, "IsOccluded": 1, "IsInside": 0, "IsDepiction": 0, "IsTruncated": 0, "IsGroupOf": 0}, {"id": 223, "image_id": 30, "category_id": 0, "bbox": [1.6, 256.00000511999997, 782.4, 500.79998208000006], "area": 391825.90597939206, "iscrowd": 0, "IsOccluded": 0, "IsInside": 0, "IsDepiction": 0, "IsTruncated": 0, "IsGroupOf": 0}, {"id": 225, "image_id": 31, "category_id": 116, "bbox": [0.0, 0.0, 1024.0, 768.0], "area": 786432.0, "iscrowd": 1, "IsOccluded": 0, "IsInside": 0, "IsDepiction": 0, "IsTruncated": 0, "IsGroupOf": 1}, {"id": 226, "image_id": 32, "category_id": 236, "bbox": [46.209384448, 744.89532416, 181.14078515199998, 245.83392256000002], "area": 44530.549749514365, "iscrowd": 0, "IsOccluded": 1, "IsInside": 0, "IsDepiction": 0, "IsTruncated": 0, "IsGroupOf": 0}, {"id": 227, "image_id": 32, "category_id": 236, "bbox": [399.24908032, 761.5306752, 142.32496127999997, 107.20577535999996], "area": 15258.057827104369, "iscrowd": 0, "IsOccluded": 1, "IsInside": 0, "IsDepiction": 0, "IsTruncated": 0, "IsGroupOf": 0}, {"id": 228, "image_id": 32, "category_id": 236, "bbox": [449.15524608, 430.67148288, 24.02886656000004, 22.180505600000004], "area": 532.9724092957337, "iscrowd": 0, "IsOccluded": 0, "IsInside": 0, "IsDepiction": 0, "IsTruncated": 0, "IsGroupOf": 0}, {"id": 229, "image_id": 32, "category_id": 236, "bbox": [569.29961984, 417.73285376, 12.938690560000055, 18.483773439999993], "area": 239.15582492130764, "iscrowd": 0, "IsOccluded": 1, "IsInside": 0, "IsDepiction": 0, "IsTruncated": 0, "IsGroupOf": 0}, {"id": 230, "image_id": 32, "category_id": 236, "bbox": [909.4006784, 397.4007296, 29.5740416000001, 27.725608960000045], "area": 819.9583127683768, "iscrowd": 0, "IsOccluded": 1, "IsInside": 0, "IsDepiction": 0, "IsTruncated": 0, "IsGroupOf": 0}, {"id": 231, "image_id": 32, "category_id": 255, "bbox": [51.754512384, 746.7436544, 175.59565721599998, 236.5920768000001], "area": 41544.54121779436, "iscrowd": 0, "IsOccluded": 0, "IsInside": 0, "IsDepiction": 0, "IsTruncated": 0, "IsGroupOf": 0}, {"id": 232, "image_id": 32, "category_id": 255, "bbox": [68.389892096, 465.7906176, 20.332130304000003, 24.028866559999983], "area": 488.55804595534795, "iscrowd": 0, "IsOccluded": 1, "IsInside": 0, "IsDepiction": 0, "IsTruncated": 0, "IsGroupOf": 0}, {"id": 233, "image_id": 32, "category_id": 255, "bbox": [390.00723456, 746.7436544, 147.87002367999997, 114.59930112000006], "area": 16945.80137032586, "iscrowd": 0, "IsOccluded": 1, "IsInside": 0, "IsDepiction": 0, "IsTruncated": 0, "IsGroupOf": 0}, {"id": 234, "image_id": 32, "category_id": 255, "bbox": [447.3068544, 426.97472, 25.877258240000003, 20.33213440000003], "area": 526.1398924391883, "iscrowd": 0, "IsOccluded": 1, "IsInside": 0, "IsDepiction": 0, "IsTruncated": 0, "IsGroupOf": 0}, {"id": 235, "image_id": 32, "category_id": 255, "bbox": [911.2491008, 395.55233792, 25.87723776000007, 25.877258240000003], "area": 669.631964053401, "iscrowd": 0, "IsOccluded": 1, "IsInside": 0, "IsDepiction": 0, "IsTruncated": 0, "IsGroupOf": 0}, {"id": 239, "image_id": 33, "category_id": 75, "bbox": [58.026667008, 0.0, 180.90667315200002, 1020.58667008], "area": 184630.93914745064, "iscrowd": 0, "IsOccluded": 0, "IsInside": 0, "IsDepiction": 0, "IsTruncated": 1, "IsGroupOf": 0}, {"id": 238, "image_id": 33, "category_id": 196, "bbox": [184.32, 0.0, 409.5999744, 610.9867008], "area": 250260.13700642047, "iscrowd": 1, "IsOccluded": 0, "IsInside": 0, "IsDepiction": 0, "IsTruncated": 0, "IsGroupOf": 1}, {"id": 240, "image_id": 33, "category_id": 67, "bbox": [174.08000256, 0.0, 433.49332224, 1024.0], "area": 443897.16197376, "iscrowd": 0, "IsOccluded": 1, "IsInside": 0, "IsDepiction": 0, "IsTruncated": 0, "IsGroupOf": 0}, {"id": 236, "image_id": 33, "category_id": 115, "bbox": [0.0, 0.0, 764.5867008, 1020.58667008], "area": 780326.9949569253, "iscrowd": 0, "IsOccluded": 0, "IsInside": 1, "IsDepiction": 0, "IsTruncated": 1, "IsGroupOf": 0}, {"id": 237, "image_id": 33, "category_id": 32, "bbox": [0.0, 0.0, 587.093376, 1024.0], "area": 601183.617024, "iscrowd": 0, "IsOccluded": 0, "IsInside": 0, "IsDepiction": 0, "IsTruncated": 0, "IsGroupOf": 0}, {"id": 262, "image_id": 34, "category_id": 261, "bbox": [379.09143552, 0.0, 644.90856448, 683.0], "area": 440472.54953984, "iscrowd": 0, "IsOccluded": 1, "IsInside": 0, "IsDepiction": 0, "IsTruncated": 1, "IsGroupOf": 0}, {"id": 261, "image_id": 34, "category_id": 117, "bbox": [593.557504, 474.4734749, 430.442496, 208.52652510000001], "area": 89758.67794625065, "iscrowd": 0, "IsOccluded": 0, "IsInside": 0, "IsDepiction": 0, "IsTruncated": 1, "IsGroupOf": 0}, {"id": 260, "image_id": 34, "category_id": 23, "bbox": [0.0, 83.108406445, 572.41296896, 596.869489305], "area": 341655.836454714, "iscrowd": 0, "IsOccluded": 1, "IsInside": 0, "IsDepiction": 0, "IsTruncated": 1, "IsGroupOf": 0}, {"id": 259, "image_id": 34, "category_id": 128, "bbox": [528.6135808, 355.09955449999995, 170.66662911999993, 89.15267300000005], "area": 15215.38617794764, "iscrowd": 0, "IsOccluded": 0, "IsInside": 0, "IsDepiction": 0, "IsTruncated": 0, "IsGroupOf": 0}, {"id": 258, "image_id": 34, "category_id": 128, "bbox": [296.02359296, 472.9624057, 90.61947392000002, 39.287594300000016], "area": 3560.2211270483926, "iscrowd": 0, "IsOccluded": 0, "IsInside": 0, "IsDepiction": 0, "IsTruncated": 0, "IsGroupOf": 0}, {"id": 257, "image_id": 34, "category_id": 120, "bbox": [92.129792, 379.2765251, 36.24778752000002, 42.309760020000006], "area": 1533.6351912271518, "iscrowd": 0, "IsOccluded": 1, "IsInside": 0, "IsDepiction": 0, "IsTruncated": 0, "IsGroupOf": 0}, {"id": 256, "image_id": 34, "category_id": 121, "bbox": [620.7433728, 194.92699792000002, 89.1090944, 39.28760795999997], "area": 3500.883166457829, "iscrowd": 0, "IsOccluded": 0, "IsInside": 0, "IsDepiction": 0, "IsTruncated": 0, "IsGroupOf": 0}, {"id": 254, "image_id": 34, "category_id": 121, "bbox": [348.88495104, 339.98894445999997, 80.04720640000005, 45.33185744000003], "area": 3628.68854899506, "iscrowd": 0, "IsOccluded": 0, "IsInside": 0, "IsDepiction": 0, "IsTruncated": 0, "IsGroupOf": 0}, {"id": 253, "image_id": 34, "category_id": 121, "bbox": [200.87315456, 362.65485269, 75.51622144000004, 39.28760796000001], "area": 2966.8517025552687, "iscrowd": 0, "IsOccluded": 0, "IsInside": 0, "IsDepiction": 0, "IsTruncated": 0, "IsGroupOf": 0}, {"id": 252, "image_id": 34, "category_id": 126, "bbox": [388.15338496, 0.0, 613.19174144, 678.46681972], "area": 416030.2506933653, "iscrowd": 0, "IsOccluded": 1, "IsInside": 0, "IsDepiction": 0, "IsTruncated": 1, "IsGroupOf": 0}, {"id": 255, "image_id": 34, "category_id": 121, "bbox": [468.20059136, 217.59292664, 84.57816064000008, 40.79866350000002], "area": 3450.6759154003093, "iscrowd": 0, "IsOccluded": 0, "IsInside": 0, "IsDepiction": 0, "IsTruncated": 0, "IsGroupOf": 0}, {"id": 250, "image_id": 34, "category_id": 119, "bbox": [377.58111744, 0.0, 646.4188825599999, 683.0], "area": 441504.09678847995, "iscrowd": 0, "IsOccluded": 0, "IsInside": 0, "IsDepiction": 0, "IsTruncated": 1, "IsGroupOf": 0}, {"id": 251, "image_id": 34, "category_id": 126, "bbox": [81.55752448, 96.70796436, 395.70501632, 448.78539412], "area": 177586.63170443225, "iscrowd": 0, "IsOccluded": 1, "IsInside": 0, "IsDepiction": 0, "IsTruncated": 0, "IsGroupOf": 0}, {"id": 242, "image_id": 34, "category_id": 122, "bbox": [441.01474304, 24.17699109, 323.20946176000007, 503.18363261], "area": 162633.71106231972, "iscrowd": 0, "IsOccluded": 1, "IsInside": 0, "IsDepiction": 0, "IsTruncated": 0, "IsGroupOf": 0}, {"id": 243, "image_id": 34, "category_id": 124, "bbox": [0.0, 24.17699109, 495.38643968, 403.45354351], "area": 199865.41449569887, "iscrowd": 0, "IsOccluded": 0, "IsInside": 0, "IsDepiction": 0, "IsTruncated": 0, "IsGroupOf": 0}, {"id": 244, "image_id": 34, "category_id": 124, "bbox": [391.1740416, 0.0, 632.8259584, 683.0], "area": 432220.1295872, "iscrowd": 0, "IsOccluded": 1, "IsInside": 0, "IsDepiction": 0, "IsTruncated": 1, "IsGroupOf": 0}, {"id": 245, "image_id": 34, "category_id": 97, "bbox": [0.0, 46.84291981, 572.41296896, 636.15708019], "area": 364144.56299648265, "iscrowd": 0, "IsOccluded": 0, "IsInside": 0, "IsDepiction": 0, "IsTruncated": 1, "IsGroupOf": 0}, {"id": 241, "image_id": 34, "category_id": 122, "bbox": [132.90855424, 214.5708019, 329.25074432, 330.92255658], "area": 108956.49806624232, "iscrowd": 0, "IsOccluded": 1, "IsInside": 0, "IsDepiction": 0, "IsTruncated": 0, "IsGroupOf": 0}, {"id": 247, "image_id": 34, "category_id": 129, "bbox": [285.45132544, 370.2101782, 80.0472064, 80.08628512000001], "area": 6410.683394809889, "iscrowd": 0, "IsOccluded": 0, "IsInside": 0, "IsDepiction": 0, "IsTruncated": 0, "IsGroupOf": 0}, {"id": 248, "image_id": 34, "category_id": 129, "bbox": [545.2271104, 228.1703564, 93.64014080000004, 126.92919809999998], "area": 11885.667981715096, "iscrowd": 0, "IsOccluded": 0, "IsInside": 0, "IsDepiction": 0, "IsTruncated": 0, "IsGroupOf": 0}, {"id": 249, "image_id": 34, "category_id": 119, "bbox": [0.0, 58.931415355, 575.4336256, 624.068584645], "area": 359110.04828533286, "iscrowd": 0, "IsOccluded": 0, "IsInside": 0, "IsDepiction": 0, "IsTruncated": 0, "IsGroupOf": 0}, {"id": 246, "image_id": 34, "category_id": 97, "bbox": [376.07079936, 0.0, 647.92920064, 683.0], "area": 442535.64403712, "iscrowd": 0, "IsOccluded": 0, "IsInside": 0, "IsDepiction": 0, "IsTruncated": 1, "IsGroupOf": 0}, {"id": 263, "image_id": 35, "category_id": 217, "bbox": [47.813228544, 45.82575646, 938.334662656, 442.31818134], "area": 415042.4814742844, "iscrowd": 0, "IsOccluded": 0, "IsInside": 0, "IsDepiction": 0, "IsTruncated": 0, "IsGroupOf": 0}, {"id": 264, "image_id": 36, "category_id": 125, "bbox": [0.0, 635.8411264, 543.4223616, 388.1588736], "area": 210934.2117677079, "iscrowd": 0, "IsOccluded": 0, "IsInside": 0, "IsDepiction": 0, "IsTruncated": 1, "IsGroupOf": 0}, {"id": 265, "image_id": 37, "category_id": 124, "bbox": [207.67550464, 428.01671205, 20.767549439999982, 28.74738419999997], "area": 597.0127226441738, "iscrowd": 0, "IsOccluded": 0, "IsInside": 0, "IsDepiction": 1, "IsTruncated": 0, "IsGroupOf": 0}, {"id": 274, "image_id": 38, "category_id": 117, "bbox": [356.4365824, 211.54867716, 132.908544, 471.45132284], "area": 62659.908885538345, "iscrowd": 0, "IsOccluded": 0, "IsInside": 0, "IsDepiction": 0, "IsTruncated": 0, "IsGroupOf": 0}, {"id": 280, "image_id": 38, "category_id": 148, "bbox": [885.0501632, 246.30309118, 93.64008960000001, 182.83851261999996], "area": 17121.01470406753, "iscrowd": 0, "IsOccluded": 0, "IsInside": 0, "IsDepiction": 0, "IsTruncated": 0, "IsGroupOf": 0}, {"id": 278, "image_id": 38, "category_id": 148, "bbox": [30.2064896, 31.732301573999997, 560.33037824, 651.267698426], "area": 364925.0757945348, "iscrowd": 0, "IsOccluded": 0, "IsInside": 0, "IsDepiction": 0, "IsTruncated": 1, "IsGroupOf": 0}, {"id": 277, "image_id": 38, "category_id": 117, "bbox": [921.29792, 279.54646332000004, 36.247797760000026, 66.48671696000001], "area": 2409.997070092444, "iscrowd": 0, "IsOccluded": 0, "IsInside": 0, "IsDepiction": 0, "IsTruncated": 0, "IsGroupOf": 0}, {"id": 276, "image_id": 38, "category_id": 117, "bbox": [653.9705344, 229.68141194, 63.4335744, 163.19469497999998], "area": 10352.022825699134, "iscrowd": 0, "IsOccluded": 0, "IsInside": 0, "IsDepiction": 0, "IsTruncated": 0, "IsGroupOf": 0}, {"id": 275, "image_id": 38, "category_id": 117, "bbox": [581.4749184, 241.7699109, 39.268454399999996, 207.01548321999996], "area": 8129.178062918533, "iscrowd": 0, "IsOccluded": 0, "IsInside": 0, "IsDepiction": 0, "IsTruncated": 0, "IsGroupOf": 0}, {"id": 273, "image_id": 38, "category_id": 125, "bbox": [946.97345024, 324.87832076, 10.572267519999968, 13.59955449999998], "area": 143.7781283268192, "iscrowd": 0, "IsOccluded": 0, "IsInside": 0, "IsDepiction": 0, "IsTruncated": 0, "IsGroupOf": 0}, {"id": 279, "image_id": 38, "category_id": 148, "bbox": [569.3923328, 167.72787526000002, 149.52212480000003, 404.96458539], "area": 60551.165276263855, "iscrowd": 0, "IsOccluded": 1, "IsInside": 0, "IsDepiction": 0, "IsTruncated": 0, "IsGroupOf": 0}, {"id": 271, "image_id": 38, "category_id": 125, "bbox": [661.5221248, 350.5663469, 24.165171199999918, 39.287662600000054], "area": 949.3930927768353, "iscrowd": 0, "IsOccluded": 1, "IsInside": 0, "IsDepiction": 0, "IsTruncated": 0, "IsGroupOf": 0}, {"id": 270, "image_id": 38, "category_id": 125, "bbox": [605.6401408, 404.96460588, 27.18581759999995, 40.798690820000004], "area": 1109.1457669513125, "iscrowd": 0, "IsOccluded": 1, "IsInside": 0, "IsDepiction": 0, "IsTruncated": 0, "IsGroupOf": 0}, {"id": 269, "image_id": 38, "category_id": 125, "bbox": [433.46313216, 595.3583962, 78.53686784000001, 87.64160379999997], "area": 6883.097054926241, "iscrowd": 0, "IsOccluded": 1, "IsInside": 0, "IsDepiction": 0, "IsTruncated": 0, "IsGroupOf": 0}, {"id": 268, "image_id": 38, "category_id": 119, "bbox": [885.0501632, 229.68141194, 93.64008960000001, 196.43805346000002], "area": 18394.476926843992, "iscrowd": 0, "IsOccluded": 1, "IsInside": 0, "IsDepiction": 0, "IsTruncated": 0, "IsGroupOf": 0}, {"id": 267, "image_id": 38, "category_id": 119, "bbox": [566.37170688, 157.1504455, 155.56341759999998, 409.4977725], "area": 63702.87298968729, "iscrowd": 0, "IsOccluded": 1, "IsInside": 0, "IsDepiction": 0, "IsTruncated": 0, "IsGroupOf": 0}, {"id": 266, "image_id": 38, "category_id": 119, "bbox": [24.16519168, 21.154867033, 566.37167616, 658.8230287169999], "area": 373138.7030672551, "iscrowd": 0, "IsOccluded": 1, "IsInside": 0, "IsDepiction": 0, "IsTruncated": 1, "IsGroupOf": 0}, {"id": 272, "image_id": 38, "category_id": 125, "bbox": [943.9527936, 336.96681972, 10.572288000000071, 13.599527179999956], "area": 143.77811801078835, "iscrowd": 0, "IsOccluded": 0, "IsInside": 0, "IsDepiction": 0, "IsTruncated": 0, "IsGroupOf": 0}, {"id": 281, "image_id": 39, "category_id": 153, "bbox": [344.35397632, 34.754424265000004, 345.86431487999994, 646.734506535], "area": 223682.38701198262, "iscrowd": 0, "IsOccluded": 0, "IsInside": 0, "IsDepiction": 0, "IsTruncated": 1, "IsGroupOf": 0}, {"id": 283, "image_id": 40, "category_id": 72, "bbox": [483.64306432, 390.38980910000004, 149.66156288000002, 136.95129057999998], "area": 20496.344186635823, "iscrowd": 0, "IsOccluded": 0, "IsInside": 0, "IsDepiction": 0, "IsTruncated": 0, "IsGroupOf": 0}, {"id": 282, "image_id": 40, "category_id": 72, "bbox": [379.66769152, 384.0932556, 138.63379967999998, 141.67367969999998], "area": 19640.760531458276, "iscrowd": 0, "IsOccluded": 1, "IsInside": 0, "IsDepiction": 0, "IsTruncated": 0, "IsGroupOf": 0}, {"id": 284, "image_id": 41, "category_id": 19, "bbox": [286.40000256, 70.4, 231.99999744000002, 825.6], "area": 191539.197886464, "iscrowd": 0, "IsOccluded": 0, "IsInside": 0, "IsDepiction": 0, "IsTruncated": 0, "IsGroupOf": 0}, {"id": 285, "image_id": 42, "category_id": 58, "bbox": [0.0, 105.60000000000001, 2048.0, 524.79998976], "area": 1074790.37902848, "iscrowd": 0, "IsOccluded": 0, "IsInside": 0, "IsDepiction": 0, "IsTruncated": 1, "IsGroupOf": 0}, {"id": 286, "image_id": 42, "category_id": 139, "bbox": [0.0, 0.0, 2048.0, 1536.0], "area": 3145728.0, "iscrowd": 0, "IsOccluded": 0, "IsInside": 0, "IsDepiction": 0, "IsTruncated": 1, "IsGroupOf": 0}, {"id": 287, "image_id": 43, "category_id": 58, "bbox": [0.0, 104.00000255999998, 1024.0, 663.99999744], "area": 679935.99737856, "iscrowd": 0, "IsOccluded": 0, "IsInside": 0, "IsDepiction": 0, "IsTruncated": 1, "IsGroupOf": 0}, {"id": 288, "image_id": 44, "category_id": 119, "bbox": [0.0, 0.0, 1000.0, 766.39997952], "area": 766399.9795199999, "iscrowd": 0, "IsOccluded": 1, "IsInside": 0, "IsDepiction": 0, "IsTruncated": 1, "IsGroupOf": 0}, {"id": 289, "image_id": 44, "category_id": 125, "bbox": [0.0, 0.0, 1003.2, 768.0], "area": 770457.6000000001, "iscrowd": 0, "IsOccluded": 1, "IsInside": 0, "IsDepiction": 0, "IsTruncated": 1, "IsGroupOf": 0}, {"id": 295, "image_id": 45, "category_id": 121, "bbox": [935.2779776, 131.23465216, 88.72202240000001, 38.815887360000005], "area": 3443.824027829798, "iscrowd": 0, "IsOccluded": 0, "IsInside": 0, "IsDepiction": 0, "IsTruncated": 0, "IsGroupOf": 0}, {"id": 297, "image_id": 45, "category_id": 148, "bbox": [399.24908032, 0.0, 624.7509196799999, 1022.15160832], "area": 638590.157350311, "iscrowd": 0, "IsOccluded": 0, "IsInside": 0, "IsDepiction": 1, "IsTruncated": 1, "IsGroupOf": 0}, {"id": 294, "image_id": 45, "category_id": 121, "bbox": [815.1335424, 138.62815744, 49.90619647999995, 44.36101120000001], "area": 2213.8893409986786, "iscrowd": 0, "IsOccluded": 0, "IsInside": 0, "IsDepiction": 0, "IsTruncated": 0, "IsGroupOf": 0}, {"id": 296, "image_id": 45, "category_id": 128, "bbox": [855.7978624, 238.44042752, 72.08659968000006, 53.60290816], "area": 3864.0513822137286, "iscrowd": 0, "IsOccluded": 1, "IsInside": 0, "IsDepiction": 0, "IsTruncated": 0, "IsGroupOf": 0}, {"id": 292, "image_id": 45, "category_id": 124, "bbox": [778.1660672, 210.71479808, 245.83393279999996, 240.28879872000002], "area": 59071.1403971252, "iscrowd": 0, "IsOccluded": 0, "IsInside": 0, "IsDepiction": 0, "IsTruncated": 1, "IsGroupOf": 0}, {"id": 291, "image_id": 45, "category_id": 191, "bbox": [190.38267392, 181.1407872, 706.07942656, 842.8592128], "area": 595125.549644637, "iscrowd": 0, "IsOccluded": 0, "IsInside": 0, "IsDepiction": 1, "IsTruncated": 1, "IsGroupOf": 0}, {"id": 290, "image_id": 45, "category_id": 122, "bbox": [787.4079744, 11.0902528, 236.59202560000006, 426.97471488], "area": 101018.81267344169, "iscrowd": 0, "IsOccluded": 1, "IsInside": 0, "IsDepiction": 0, "IsTruncated": 1, "IsGroupOf": 0}, {"id": 293, "image_id": 45, "category_id": 129, "bbox": [839.1624704, 129.38628096, 86.87360000000001, 86.87365120000001], "area": 7547.026824888322, "iscrowd": 0, "IsOccluded": 0, "IsInside": 0, "IsDepiction": 1, "IsTruncated": 0, "IsGroupOf": 0}, {"id": 298, "image_id": 46, "category_id": 0, "bbox": [90.6194688, 170.75, 868.4365568, 320.34514731], "area": 278199.4367174852, "iscrowd": 0, "IsOccluded": 0, "IsInside": 0, "IsDepiction": 0, "IsTruncated": 0, "IsGroupOf": 0}, {"id": 315, "image_id": 47, "category_id": 261, "bbox": [235.52, 0.0, 530.77332992, 764.5867008], "area": 405822.2291961628, "iscrowd": 0, "IsOccluded": 0, "IsInside": 0, "IsDepiction": 0, "IsTruncated": 1, "IsGroupOf": 0}, {"id": 314, "image_id": 47, "category_id": 225, "bbox": [416.42667008, 498.3466752, 157.01332992000005, 168.95999999999998], "area": 26528.972223283206, "iscrowd": 0, "IsOccluded": 0, "IsInside": 0, "IsDepiction": 0, "IsTruncated": 0, "IsGroupOf": 0}, {"id": 313, "image_id": 47, "category_id": 225, "bbox": [346.45334016, 209.92000511999998, 203.09336064000007, 201.38664960000006], "area": 40900.29145529414, "iscrowd": 0, "IsOccluded": 0, "IsInside": 0, "IsDepiction": 0, "IsTruncated": 0, "IsGroupOf": 0}, {"id": 312, "image_id": 47, "category_id": 117, "bbox": [554.6667008, 25.60000128, 213.33329920000006, 267.94667904], "area": 57161.949049286704, "iscrowd": 0, "IsOccluded": 0, "IsInside": 0, "IsDepiction": 0, "IsTruncated": 0, "IsGroupOf": 0}, {"id": 311, "image_id": 47, "category_id": 117, "bbox": [230.4, 5.120000256, 290.1332992, 291.839994624], "area": 84672.50047877138, "iscrowd": 0, "IsOccluded": 1, "IsInside": 0, "IsDepiction": 0, "IsTruncated": 0, "IsGroupOf": 0}, {"id": 310, "image_id": 47, "category_id": 128, "bbox": [498.34668032, 168.96, 44.37331968000001, 30.720000000000006], "area": 1363.1483805696005, "iscrowd": 0, "IsOccluded": 0, "IsInside": 0, "IsDepiction": 0, "IsTruncated": 0, "IsGroupOf": 0}, {"id": 309, "image_id": 47, "category_id": 24, "bbox": [348.16, 209.92000511999998, 232.10665983999996, 206.50664448], "area": 47931.567485019164, "iscrowd": 0, "IsOccluded": 0, "IsInside": 0, "IsDepiction": 0, "IsTruncated": 0, "IsGroupOf": 0}, {"id": 308, "image_id": 47, "category_id": 125, "bbox": [544.4267008, 10.240000512, 54.613299199999915, 117.76000204799999], "area": 6431.262225640026, "iscrowd": 0, "IsOccluded": 1, "IsInside": 0, "IsDepiction": 0, "IsTruncated": 0, "IsGroupOf": 0}, {"id": 306, "image_id": 47, "category_id": 119, "bbox": [233.81334016, 0.0, 534.18665984, 768.0], "area": 410255.35475711996, "iscrowd": 0, "IsOccluded": 0, "IsInside": 0, "IsDepiction": 0, "IsTruncated": 1, "IsGroupOf": 0}, {"id": 305, "image_id": 47, "category_id": 129, "bbox": [512.0, 131.4133248, 23.8932992, 35.840002560000016], "area": 856.3359044948464, "iscrowd": 0, "IsOccluded": 0, "IsInside": 0, "IsDepiction": 0, "IsTruncated": 0, "IsGroupOf": 0}, {"id": 304, "image_id": 47, "category_id": 97, "bbox": [233.81334016, 0.0, 534.18665984, 766.29331968], "area": 409343.66889756446, "iscrowd": 0, "IsOccluded": 0, "IsInside": 0, "IsDepiction": 0, "IsTruncated": 1, "IsGroupOf": 0}, {"id": 303, "image_id": 47, "category_id": 127, "bbox": [467.62668032, 498.3466752, 184.31997952000006, 269.6533248], "area": 49702.49530463592, "iscrowd": 0, "IsOccluded": 0, "IsInside": 0, "IsDepiction": 0, "IsTruncated": 0, "IsGroupOf": 0}, {"id": 302, "image_id": 47, "category_id": 127, "bbox": [349.86667008, 619.5200255999999, 128.0, 148.47997440000003], "area": 19005.436723200004, "iscrowd": 0, "IsOccluded": 0, "IsInside": 0, "IsDepiction": 0, "IsTruncated": 1, "IsGroupOf": 0}, {"id": 301, "image_id": 47, "category_id": 124, "bbox": [424.96, 1.7066667264, 225.28000000000003, 459.09333327359997], "area": 103424.54611987661, "iscrowd": 0, "IsOccluded": 0, "IsInside": 0, "IsDepiction": 0, "IsTruncated": 0, "IsGroupOf": 0}, {"id": 300, "image_id": 47, "category_id": 78, "bbox": [343.04, 213.33335040000003, 238.93329920000002, 464.21332992], "area": 110916.02245040367, "iscrowd": 0, "IsOccluded": 1, "IsInside": 0, "IsDepiction": 0, "IsTruncated": 0, "IsGroupOf": 0}, {"id": 299, "image_id": 47, "category_id": 122, "bbox": [431.7866496, 61.44, 141.65335040000008, 151.8933504], "area": 21516.201987641194, "iscrowd": 0, "IsOccluded": 0, "IsInside": 0, "IsDepiction": 0, "IsTruncated": 0, "IsGroupOf": 0}, {"id": 307, "image_id": 47, "category_id": 125, "bbox": [447.14667008, 0.0, 87.03997952000003, 52.90666752], "area": 4604.995257412251, "iscrowd": 0, "IsOccluded": 1, "IsInside": 0, "IsDepiction": 0, "IsTruncated": 0, "IsGroupOf": 0}, {"id": 318, "image_id": 48, "category_id": 123, "bbox": [59.2, 0.0, 961.5999999999999, 755.2000128], "area": 726200.3323084799, "iscrowd": 0, "IsOccluded": 0, "IsInside": 0, "IsDepiction": 0, "IsTruncated": 0, "IsGroupOf": 0}, {"id": 316, "image_id": 48, "category_id": 127, "bbox": [56.0, 0.0, 963.2, 753.5999999999999], "area": 725867.5199999999, "iscrowd": 0, "IsOccluded": 0, "IsInside": 0, "IsDepiction": 0, "IsTruncated": 1, "IsGroupOf": 0}, {"id": 317, "image_id": 48, "category_id": 119, "bbox": [60.8, 0.0, 960.0, 755.2000128], "area": 724992.012288, "iscrowd": 0, "IsOccluded": 0, "IsInside": 0, "IsDepiction": 0, "IsTruncated": 1, "IsGroupOf": 0}, {"id": 319, "image_id": 49, "category_id": 181, "bbox": [0.0, 262.46930432, 1024.0, 419.58125568], "area": 429651.20581632, "iscrowd": 0, "IsOccluded": 0, "IsInside": 0, "IsDepiction": 0, "IsTruncated": 0, "IsGroupOf": 0}]}